<edmx:Edmx xmlns:edmx="http://schemas.microsoft.com/ado/2007/06/edmx"
	xmlns:m="http://schemas.microsoft.com/ado/2007/08/dataservices/metadata" xmlns:sap="http://www.sap.com/Protocols/SAPData" Version="1.0">
	<edmx:DataServices m:DataServiceVersion="2.0">
		<Schema xmlns="http://schemas.microsoft.com/ado/2008/09/edm" Namespace="ZAPI_RESET_PASSWORD_SRV" xml:lang="en" sap:schema-version="1">
			<EntityType Name="ResetPassword" sap:label="Reset Password" sap:content-version="1">
				<Key>
					<PropertyRef Name="User"/>
				</Key>
				<Property Name="User" Type="Edm.String" Nullable="false" MaxLength="12" sap:unicode="false" sap:label="User" sap:creatable="false"
					sap:updatable="false" sap:sortable="false" sap:filterable="false"/>
				<Property Name="Email" Type="Edm.String" Nullable="false" MaxLength="132" sap:unicode="false" sap:label="Email" sap:creatable="false"
					sap:updatable="false" sap:sortable="false" sap:filterable="false"/>
			</EntityType>
			<EntityContainer Name="ZAPI_RESET_PASSWORD_SRV_Entities" m:IsDefaultEntityContainer="true" sap:supported-formats="atom json xlsx">
				<EntitySet Name="ResetPassword" EntityType="ZAPI_RESET_PASSWORD_SRV.ResetPassword" sap:creatable="false" sap:updatable="false"
					sap:deletable="false" sap:pageable="false" sap:addressable="false" sap:content-version="1"/>
			</EntityContainer>
			<atom:link xmlns:atom="http://www.w3.org/2005/Atom" rel="self" href="./sap/ZAPI_RESET_PASSWORD_SRV/$metadata"/>
			<atom:link xmlns:atom="http://www.w3.org/2005/Atom" rel="latest-version" href="./sap/ZAPI_RESET_PASSWORD_SRV/$metadata"/>
		</Schema>
	</edmx:DataServices>
</edmx:Edmx>