{
  "run": [
    {
      "filePath": "/index.html",
      "previewMode": 1,
      "dataMode": 1,
      "workspace": "withoutWorkspace",
      "ui5ActiveVersion": null,
      "ui5VerSource": null,
      "isDefaultVersion": 0,
      "urlParameters": [],
      "hashParameter": "",
      "backendSystem": [],
      "urlParametersNotNeeded": false,
      "_metadata": {
        "runnerId": "webapprunner",
        "id": 3071699,
        "displayName": "Run index.html",
        "lastRunTimeStamp": 1736947555410
      }
    },
    {
      "filePath": "/Component-preload.js",
      "previewMode": 1,
      "dataMode": 1,
      "workspace": "withoutWorkspace",
      "ui5ActiveVersion": null,
      "ui5VerSource": null,
      "isDefaultVersion": 0,
      "urlParameters": [],
      "hashParameter": "",
      "backendSystem": [],
      "_metadata": {
        "runnerId": "fiorirunner",
        "id": 687222,
        "displayName": "Run Component-preload.js",
        "lastRunTimeStamp": 1729485599578
      }
    }
  ]
}