<edmx:Edmx
    xmlns:edmx="http://schemas.microsoft.com/ado/2007/06/edmx"
    xmlns:m="http://schemas.microsoft.com/ado/2007/08/dataservices/metadata"
    xmlns:sap="http://www.sap.com/Protocols/SAPData" Version="1.0">
    <edmx:DataServices m:DataServiceVersion="2.0">
        <Schema
            xmlns="http://schemas.microsoft.com/ado/2008/09/edm" Namespace="ZSD_SR_APPR_SRV" xml:lang="en" sap:schema-version="1">
            <EntityType Name="Approvals" sap:content-version="1">
                <Key>
                    <PropertyRef Name="Zapno"/>
                </Key>
                <Property Name="Zapno" Type="Edm.String" Nullable="false" MaxLength="11" sap:unicode="false" sap:label="Approval Request No." sap:creatable="false" sap:updatable="false" sap:sortable="false" sap:filterable="false"/>
                <Property Name="Zsrcs" Type="Edm.String" Nullable="false" MaxLength="1" sap:unicode="false" sap:label="Sales Return Case" sap:creatable="false" sap:updatable="false" sap:sortable="false" sap:filterable="false"/>
                <Property Name="Zrfno" Type="Edm.String" Nullable="false" MaxLength="10" sap:unicode="false" sap:label="Reference (CCAC) No." sap:creatable="false" sap:updatable="false" sap:sortable="false" sap:filterable="false"/>
                <Property Name="Zcrby" Type="Edm.String" Nullable="false" MaxLength="12" sap:unicode="false" sap:label="Created By" sap:creatable="false" sap:updatable="false" sap:sortable="false" sap:filterable="false"/>
                <Property Name="Zcrdt" Type="Edm.DateTime" Nullable="false" Precision="7" sap:unicode="false" sap:label="Created Date" sap:creatable="false" sap:updatable="false" sap:sortable="false" sap:filterable="false"/>
                <Property Name="Zcrtm" Type="Edm.Time" Nullable="false" Precision="0" sap:unicode="false" sap:label="Created Time" sap:creatable="false" sap:updatable="false" sap:sortable="false" sap:filterable="false"/>
                <Property Name="ZtotInvTon" Type="Edm.Decimal" Nullable="false" Precision="15" Scale="3" sap:unicode="false" sap:label="Net Weight" sap:creatable="false" sap:updatable="false" sap:sortable="false" sap:filterable="false"/>
                <Property Name="ZtotInvAmt" Type="Edm.Decimal" Nullable="false" Precision="16" Scale="3" sap:unicode="false" sap:label="Net Value" sap:creatable="false" sap:updatable="false" sap:sortable="false" sap:filterable="false"/>
                <Property Name="ZtotSalretTon" Type="Edm.Decimal" Nullable="false" Precision="15" Scale="3" sap:unicode="false" sap:label="Net Weight" sap:creatable="false" sap:updatable="false" sap:sortable="false" sap:filterable="false"/>
                <Property Name="ZtotSalretAmt" Type="Edm.Decimal" Nullable="false" Precision="16" Scale="3" sap:unicode="false" sap:label="Net Value" sap:creatable="false" sap:updatable="false" sap:sortable="false" sap:filterable="false"/>
                <Property Name="ZsalesArea" Type="Edm.String" Nullable="false" MaxLength="10" sap:unicode="false" sap:label="Sales Area" sap:creatable="false" sap:updatable="false" sap:sortable="false" sap:filterable="false"/>
                <Property Name="Zkunnr" Type="Edm.String" Nullable="false" MaxLength="10" sap:unicode="false" sap:label="Customer Code" sap:creatable="false" sap:updatable="false" sap:sortable="false" sap:filterable="false"/>
                <Property Name="ZcodeName" Type="Edm.String" Nullable="false" MaxLength="45" sap:unicode="false" sap:label="Code-Name" sap:creatable="false" sap:updatable="false" sap:sortable="false" sap:filterable="false"/>
                <Property Name="Zgroup" Type="Edm.String" Nullable="false" MaxLength="20" sap:unicode="false" sap:label="Customer Group" sap:creatable="false" sap:updatable="false" sap:sortable="false" sap:filterable="false"/>
                <Property Name="ZsubGroup" Type="Edm.String" Nullable="false" MaxLength="20" sap:unicode="false" sap:label="Customer Sub group" sap:creatable="false" sap:updatable="false" sap:sortable="false" sap:filterable="false"/>
            </EntityType>
            <EntityType Name="Invoices" sap:content-version="1">
                <Key>
                    <PropertyRef Name="Zapno"/>
                </Key>
                <Property Name="Zapno" Type="Edm.String" Nullable="false" MaxLength="11" sap:unicode="false" sap:label="Approval Request No." sap:creatable="false" sap:updatable="false" sap:sortable="false" sap:filterable="false"/>
                <Property Name="Zarit" Type="Edm.String" Nullable="false" MaxLength="10" sap:unicode="false" sap:label="Appr. Requ. Item No." sap:creatable="false" sap:updatable="false" sap:sortable="false" sap:filterable="false"/>
                <Property Name="Vbeln" Type="Edm.String" Nullable="false" MaxLength="10" sap:unicode="false" sap:label="Billing Doc." sap:creatable="false" sap:updatable="false" sap:sortable="false" sap:filterable="false"/>
                <Property Name="Posnr" Type="Edm.String" Nullable="false" MaxLength="6" sap:unicode="false" sap:label="Billing Doc. Item" sap:creatable="false" sap:updatable="false" sap:sortable="false" sap:filterable="false"/>
                <Property Name="Fkdat" Type="Edm.DateTime" Nullable="false" Precision="7" sap:unicode="false" sap:label="Billing Date" sap:creatable="false" sap:updatable="false" sap:sortable="false" sap:filterable="false"/>
                <Property Name="Matnr" Type="Edm.String" Nullable="false" MaxLength="40" sap:unicode="false" sap:label="Material" sap:creatable="false" sap:updatable="false" sap:sortable="false" sap:filterable="false"/>
                <Property Name="Arktx" Type="Edm.String" Nullable="false" MaxLength="40" sap:unicode="false" sap:label="Item Descr." sap:creatable="false" sap:updatable="false" sap:sortable="false" sap:filterable="false"/>
                <Property Name="Fkimg" Type="Edm.Decimal" Nullable="false" Precision="13" Scale="3" sap:unicode="false" sap:label="Billed qty" sap:creatable="false" sap:updatable="false" sap:sortable="false" sap:filterable="false"/>
                <Property Name="Vrkme" Type="Edm.String" Nullable="false" MaxLength="3" sap:unicode="false" sap:label="Sales unit" sap:creatable="false" sap:updatable="false" sap:sortable="false" sap:filterable="false" sap:semantics="unit-of-measure"/>
                <Property Name="Ntgew" Type="Edm.Decimal" Nullable="false" Precision="13" Scale="3" sap:unicode="false" sap:label="Net weight" sap:creatable="false" sap:updatable="false" sap:sortable="false" sap:filterable="false"/>
                <Property Name="Kbetr" Type="Edm.Decimal" Nullable="false" Precision="16" Scale="3" sap:unicode="false" sap:label="Net Value" sap:creatable="false" sap:updatable="false" sap:sortable="false" sap:filterable="false"/>
                <Property Name="Waerk" Type="Edm.String" Nullable="false" MaxLength="5" sap:unicode="false" sap:label="Doc. Currency" sap:creatable="false" sap:updatable="false" sap:sortable="false" sap:filterable="false" sap:semantics="currency-code"/>
                <Property Name="Netwr" Type="Edm.Decimal" Nullable="false" Precision="16" Scale="3" sap:unicode="false" sap:label="Net Value" sap:creatable="false" sap:updatable="false" sap:sortable="false" sap:filterable="false"/>
                <Property Name="Mwsbp" Type="Edm.Decimal" Nullable="false" Precision="14" Scale="3" sap:unicode="false" sap:label="Tax Amount" sap:creatable="false" sap:updatable="false" sap:sortable="false" sap:filterable="false"/>
                <Property Name="FkimgR" Type="Edm.Decimal" Nullable="false" Precision="13" Scale="3" sap:unicode="false" sap:label="Sales return qty" sap:creatable="false" sap:updatable="false" sap:sortable="false" sap:filterable="false"/>
                <Property Name="NetwrR" Type="Edm.Decimal" Nullable="false" Precision="16" Scale="3" sap:unicode="false" sap:label="Sales return Amt" sap:creatable="false" sap:updatable="false" sap:sortable="false" sap:filterable="false"/>
                <Property Name="MwsbkR" Type="Edm.Decimal" Nullable="false" Precision="14" Scale="3" sap:unicode="false" sap:label="Sales return tax Amt." sap:creatable="false" sap:updatable="false" sap:sortable="false" sap:filterable="false"/>
                <Property Name="Kdmat" Type="Edm.String" Nullable="false" MaxLength="35" sap:unicode="false" sap:label="Cust. Material" sap:creatable="false" sap:updatable="false" sap:sortable="false" sap:filterable="false"/>
                <Property Name="Aubel" Type="Edm.String" Nullable="false" MaxLength="10" sap:unicode="false" sap:label="Sales Document" sap:creatable="false" sap:updatable="false" sap:sortable="false" sap:filterable="false"/>
                <Property Name="Aupos" Type="Edm.String" Nullable="false" MaxLength="6" sap:unicode="false" sap:label="Sales Doc. Item" sap:creatable="false" sap:updatable="false" sap:sortable="false" sap:filterable="false"/>
            </EntityType>
            <EntityType Name="Response" sap:content-version="1">
                <Key>
                    <PropertyRef Name="Zapno"/>
                </Key>
                <Property Name="Zapno" Type="Edm.String" Nullable="false" MaxLength="11" sap:unicode="false" sap:label="Approval Request No." sap:creatable="false" sap:updatable="false" sap:sortable="false" sap:filterable="false"/>
                <Property Name="Zresp" Type="Edm.String" Nullable="false" MaxLength="10" sap:unicode="false" sap:label="Response ( APPROVED / REJECTED )" sap:creatable="false" sap:updatable="false" sap:sortable="false" sap:filterable="false"/>
                <Property Name="Znotes" Type="Edm.String" Nullable="false" MaxLength="250" sap:unicode="false" sap:label="Notes" sap:creatable="false" sap:updatable="false" sap:sortable="false" sap:filterable="false"/>
            </EntityType>
            <EntityContainer Name="ZSD_SR_APPR_SRV_Entities" m:IsDefaultEntityContainer="true" sap:supported-formats="atom json xlsx">
                <EntitySet Name="ApprovalsSet" EntityType="ZSD_SR_APPR_SRV.Approvals" sap:creatable="false" sap:updatable="false" sap:deletable="false" sap:pageable="false" sap:content-version="1"/>
                <EntitySet Name="InvoicesSet" EntityType="ZSD_SR_APPR_SRV.Invoices" sap:creatable="false" sap:updatable="false" sap:deletable="false" sap:pageable="false" sap:content-version="1"/>
                <EntitySet Name="ResponseSet" EntityType="ZSD_SR_APPR_SRV.Response" sap:creatable="false" sap:updatable="false" sap:deletable="false" sap:pageable="false" sap:content-version="1"/>
            </EntityContainer>
            <atom:link
                xmlns:atom="http://www.w3.org/2005/Atom" rel="self" href="./sap/ZSD_SR_APPR_SRV/$metadata"/>
                <atom:link
                    xmlns:atom="http://www.w3.org/2005/Atom" rel="latest-version" href="./sap/ZSD_SR_APPR_SRV/$metadata"/>
                </Schema>
            </edmx:DataServices>
        </edmx:Edmx>