<core:FragmentDefinition xmlns="sap.m" xmlns:core="sap.ui.core">
    <Dialog id="otpDialog" title="Enter OTP" stretchOnPhone="true">
        <content>
            <VBox class="sapUiSmallMargin">
                <Label  required="true" text="Enter the OTP sent to your email:"/>
                <Input id="otpInput" placeholder="Enter OTP" liveChange=".preventEntry" valueStateText="Please enter the OTP"/>
            </VBox>
        </content>
        <beginButton>
            <Button text="Verify" type="Emphasized" press=".onVerifyOTP"/>
        </beginButton>
        <endButton>
            <Button text="Cancel" press=".onCloseOTPDialog"/>
        </endButton>
    </Dialog>
</core:FragmentDefinition>