<core:FragmentDefinition xmlns="sap.m" xmlns:core="sap.ui.core">
    <Dialog title="OBD Details" class="sapUiResponsiveContentPadding" stretch="false">
        <content>
            <Table id="obdDetailsTable" items="{viewModel>/SelectedObdItems}">
                <columns>
                    <Column>
                        <Text text="Material"/>
                    </Column>
                    <Column>
                        <Text text="Del. Qty"/>
                    </Column>
                     <Column>
                        <Text text="Picked Qty"/>
                    </Column>
                    
                </columns>
                <items>
                    <ColumnListItem>
                        <cells>
                            <Text text="{viewModel>Matnr}"/>
                            <Text text="{viewModel>Lfimg}"/>
                            <Text text="{viewModel>Nsolm}"/>
                        </cells>
                    </ColumnListItem>
                </items>
            </Table>
        </content>
        <beginButton>
            <Button text="Close" press="onCloseDialog1"/>
        </beginButton>
    </Dialog>
</core:FragmentDefinition>