<core:FragmentDefinition xmlns:core="sap.ui.core" xmlns="sap.m" xmlns:l="sap.ui.layout">
    <Dialog title="OUTBOUND DELIVERY" id="dateRangeDialog" stretchOnPhone="true">
        <content>
            <VBox>
                <SearchField id="searchField" change="onLiveSearch" cwidth="100%" placeholder="Search"/>
                <!-- Page Control for Pagination -->
                <Carousel id="deliveryCarousel" height="auto" loop="false" pageIndicatorPlacement="Bottom">
                    <pages>
                        <List id="deliveryItemList" mode="SingleSelectMaster" selectionChange="onItemSelect" items="{inputDataModel>/currentPageData}">
                            <ObjectListItem title="OBD Number: {inputDataModel>Vbeln}" design="Bold" numberState="Information" type="Active">
                                <attributes>
                                    <ObjectAttribute text="Created By: {inputDataModel>Ernam}"/>
                                    <ObjectAttribute text="Created On: {path: 'inputDataModel>Erdat', formatter: '.formatDate'}"/>
                                    <ObjectAttribute text="Time: {path: 'inputDataModel>Erzet', formatter: '.formatTime'}"/>
                                </attributes>
                            </ObjectListItem>
                        </List>
                    </pages>
                </Carousel>
                <!-- Pagination Controls -->
                <HBox justifyContent="SpaceBetween" class="sapUiSmallMarginTop">
                    <Button id="prevPageButton" icon="sap-icon://navigation-left-arrow" text="" press="onPreviousPage"
                        enabled="{inputDataModel>/hasPreviousPage}"/>
                    <Text text="{inputDataModel>/currentPage}" class="sapUiSmallMargin"/>
                    <Button id="nextPageButton" icon="sap-icon://navigation-right-arrow" text="" press="onNextPage" enabled="{inputDataModel>/hasNextPage}"/>
                </HBox>
            </VBox>
        </content>
        <buttons>
            <Button text="Close" press="onCloseDialog" class="sapUiResponsiveMargin"/>
        </buttons>
    </Dialog>
</core:FragmentDefinition>