<core:FragmentDefinition xmlns="sap.m" xmlns:core="sap.ui.core">
	<ResponsivePopover title="{i18n>McCancelTxt}" class="sapUiCancelPopupStyle sapUiContentPadding" placement="Top">
		<content>
			<FlexBox width="100%">
				<Button width="100%" text="Discard" press="onDiscardChanges"></Button>
				<layoutData>
					<FlexItemData growFactor="1" baseSize="0" backgroundDesign="Solid" styleClass="sapUiTinyMargin"></FlexItemData>
				</layoutData>
			</FlexBox>
		</content>
	</ResponsivePopover>
</core:FragmentDefinition>