<?xml version="1.0" encoding="utf-8"?>
<edmx:Edmx Version="1.0" xmlns:edmx="http://schemas.microsoft.com/ado/2007/06/edmx"
    xmlns:m="http://schemas.microsoft.com/ado/2007/08/dataservices/metadata"
    xmlns:sap="http://www.sap.com/Protocols/SAPData">
    <edmx:DataServices m:DataServiceVersion="2.0">
        <Schema Namespace="ZSD_CUSTOMER_PRICE_APR_SRV" xml:lang="en" sap:schema-version="1"
            xmlns="http://schemas.microsoft.com/ado/2008/09/edm">
            <EntityType Name="CustomerPrice" sap:content-version="1">
                <Key>
                    <PropertyRef Name="FormNo" />
                </Key>
                <Property Name="FormNo" Type="Edm.String" Nullable="false" MaxLength="10"
                    sap:unicode="false" sap:label="Form No" sap:creatable="false"
                    sap:updatable="false" sap:sortable="false" sap:filterable="false" />
                <Property Name="Codetype" Type="Edm.String" MaxLength="1" sap:unicode="false"
                    sap:label="CODETYPE" sap:creatable="false" sap:updatable="false"
                    sap:sortable="false" sap:filterable="false" />
                <Property Name="SalesOrg" Type="Edm.String" MaxLength="4" sap:unicode="false"
                    sap:label="Sales Org." sap:creatable="false" sap:updatable="false"
                    sap:sortable="false" sap:filterable="false" />
                <Property Name="DistrChannel" Type="Edm.String" MaxLength="2" sap:unicode="false"
                    sap:label="Distr. Channel" sap:creatable="false" sap:updatable="false"
                    sap:sortable="false" sap:filterable="false" />
                <Property Name="Division" Type="Edm.String" MaxLength="2" sap:unicode="false"
                    sap:label="Division" sap:creatable="false" sap:updatable="false"
                    sap:sortable="false" sap:filterable="false" />
                <Property Name="Customer" Type="Edm.String" MaxLength="10" sap:unicode="false"
                    sap:label="Customer" sap:creatable="false" sap:updatable="false"
                    sap:sortable="false" sap:filterable="false" />
                <Property Name="CustomerGroup" Type="Edm.String" MaxLength="2" sap:unicode="false"
                    sap:label="Customer Group" sap:creatable="false" sap:updatable="false"
                    sap:sortable="false" sap:filterable="false" />
                <Property Name="Currency" Type="Edm.String" MaxLength="5" sap:unicode="false"
                    sap:label="Cond. currency" sap:creatable="false" sap:updatable="false"
                    sap:sortable="false" sap:filterable="false" />
                <Property Name="PricingUnit" Type="Edm.Decimal" Precision="5" Scale="0"
                    sap:unicode="false" sap:label="Pricing Unit" sap:creatable="false"
                    sap:updatable="false" sap:sortable="false" sap:filterable="false" />
                <NavigationProperty Name="NavCustomerToMat"
                    Relationship="ZSD_CUSTOMER_PRICE_APR_SRV.CustomertoMaterial"
                    FromRole="FromRole_CustomertoMaterial" ToRole="ToRole_CustomertoMaterial" />
            </EntityType>
            <EntityType Name="MaterialDetails" sap:content-version="1">
                <Key>
                    <PropertyRef Name="Material" />
                </Key>
                <Property Name="Material" Type="Edm.String" Nullable="false" MaxLength="40"
                    sap:unicode="false" sap:label="Material" sap:creatable="false"
                    sap:updatable="false" sap:sortable="false" sap:filterable="false" />
                <Property Name="Amount" Type="Edm.Decimal" Precision="15" Scale="3"
                    sap:unicode="false" sap:unit="Currency" sap:label="Amount" sap:creatable="false"
                    sap:updatable="false" sap:sortable="false" sap:filterable="false" />
                <Property Name="Uom" Type="Edm.String" MaxLength="3" sap:unicode="false"
                    sap:label="Unit of Measure" sap:creatable="false" sap:updatable="false"
                    sap:sortable="false" sap:filterable="false" />
                <Property Name="ValidFrom" Type="Edm.DateTime" Precision="7" sap:unicode="false"
                    sap:label="Valid From" sap:creatable="false" sap:updatable="false"
                    sap:sortable="false" sap:filterable="false" />
                <Property Name="ValidTo" Type="Edm.DateTime" Precision="7" sap:unicode="false"
                    sap:label="Valid To" sap:creatable="false" sap:updatable="false"
                    sap:sortable="false" sap:filterable="false" />
                <Property Name="Currency" Type="Edm.String" MaxLength="5" sap:unicode="false"
                    sap:label="Cond. currency" sap:creatable="false" sap:updatable="false"
                    sap:sortable="false" sap:filterable="false" />
            </EntityType>
            <Association Name="CustomertoMaterial" sap:content-version="1">
                <End Type="ZSD_CUSTOMER_PRICE_APR_SRV.CustomerPrice" Multiplicity="1"
                    Role="FromRole_CustomertoMaterial" />
                <End Type="ZSD_CUSTOMER_PRICE_APR_SRV.MaterialDetails" Multiplicity="*"
                    Role="ToRole_CustomertoMaterial" />
            </Association>
            <EntityContainer Name="ZSD_CUSTOMER_PRICE_APR_SRV_Entities"
                m:IsDefaultEntityContainer="true" sap:supported-formats="atom json xlsx">
                <EntitySet Name="CustomerPriceSet"
                    EntityType="ZSD_CUSTOMER_PRICE_APR_SRV.CustomerPrice" sap:creatable="false"
                    sap:updatable="false" sap:deletable="false" sap:pageable="false"
                    sap:content-version="1" />
                <EntitySet Name="MaterialDetailsSet"
                    EntityType="ZSD_CUSTOMER_PRICE_APR_SRV.MaterialDetails" sap:creatable="false"
                    sap:updatable="false" sap:deletable="false" sap:pageable="false"
                    sap:addressable="false" sap:content-version="1" />
                <AssociationSet Name="CustomertoMaterialSet"
                    Association="ZSD_CUSTOMER_PRICE_APR_SRV.CustomertoMaterial"
                    sap:creatable="false" sap:updatable="false" sap:deletable="false"
                    sap:content-version="1">
                    <End EntitySet="CustomerPriceSet" Role="FromRole_CustomertoMaterial" />
                    <End EntitySet="MaterialDetailsSet" Role="ToRole_CustomertoMaterial" />
                </AssociationSet>
            </EntityContainer>
            <atom:link rel="self"
                href="http://S4HDEV:8000/sap/opu/odata/sap/ZSD_CUSTOMER_PRICE_APR_SRV/$metadata"
                xmlns:atom="http://www.w3.org/2005/Atom" />
            <atom:link rel="latest-version"
                href="http://S4HDEV:8000/sap/opu/odata/sap/ZSD_CUSTOMER_PRICE_APR_SRV/$metadata"
                xmlns:atom="http://www.w3.org/2005/Atom" />
        </Schema>
    </edmx:DataServices>
</edmx:Edmx>