<edmx:Edmx xmlns:edmx="http://schemas.microsoft.com/ado/2007/06/edmx" xmlns:m="http://schemas.microsoft.com/ado/2007/08/dataservices/metadata" xmlns:sap="http://www.sap.com/Protocols/SAPData" Version="1.0">
<edmx:DataServices m:DataServiceVersion="2.0">
<Schema xmlns="http://schemas.microsoft.com/ado/2008/09/edm" Namespace="ZABUL_TEST1_SRV" xml:lang="en" sap:schema-version="1">
<EntityType Name="Header" sap:content-version="1">
<Key>
<PropertyRef Name="DECISION"/>
</Key>
<Property Name="DECISION" Type="Edm.String" Nullable="false" MaxLength="30" sap:unicode="false" sap:creatable="false" sap:updatable="false" sap:sortable="false" sap:filterable="false"/>
<Property Name="COMMENTS" Type="Edm.String" Nullable="false" MaxLength="200" sap:unicode="false" sap:creatable="false" sap:updatable="false" sap:sortable="false" sap:filterable="false"/>
<NavigationProperty Name="Items" Relationship="ZABUL_TEST1_SRV.Head_cancel" FromRole="FromRole_Head_cancel" ToRole="ToRole_Head_cancel"/>
</EntityType>
<EntityType Name="VehReqPost" sap:content-version="1">
<Key>
<PropertyRef Name="Reqnum"/>
</Key>
<Property Name="Ename" Type="Edm.String" Nullable="false" MaxLength="120" sap:unicode="false" sap:label="Req.Raised By" sap:creatable="false" sap:updatable="false" sap:sortable="false" sap:filterable="false"/>
<Property Name="LocEdit" Type="Edm.String" Nullable="false" MaxLength="1" sap:unicode="false" sap:label="edited location" sap:creatable="false" sap:updatable="false" sap:sortable="false" sap:filterable="false"/>
<Property Name="TimeBeg" Type="Edm.String" MaxLength="8" sap:unicode="false" sap:label="Journey Start Time" sap:creatable="false" sap:updatable="false" sap:sortable="false" sap:filterable="false"/>
<Property Name="Mandt" Type="Edm.String" Nullable="false" MaxLength="3" sap:unicode="false" sap:label="Client" sap:creatable="false" sap:updatable="false" sap:sortable="false" sap:filterable="false"/>
<Property Name="NonPernr" Type="Edm.String" Nullable="false" MaxLength="8" sap:unicode="false" sap:label="Non Employee Number" sap:creatable="false" sap:updatable="false" sap:sortable="false" sap:filterable="false"/>
<Property Name="PrgmSlnoDate" Type="Edm.DateTime" Precision="0" sap:unicode="false" sap:label="Program Slno. Date" sap:creatable="false" sap:updatable="false" sap:sortable="false" sap:filterable="false"/>
<Property Name="Reqdate" Type="Edm.DateTime" Precision="0" sap:unicode="false" sap:label="Requisition Date" sap:creatable="false" sap:updatable="false" sap:sortable="false" sap:filterable="false"/>
<Property Name="FixedKm" Type="Edm.String" Nullable="false" MaxLength="5" sap:unicode="false" sap:label="Fixed KM" sap:creatable="false" sap:updatable="false" sap:sortable="false" sap:filterable="false"/>
<Property Name="MobileNum" Type="Edm.String" Nullable="false" MaxLength="10" sap:unicode="false" sap:label="Mobile Number" sap:creatable="false" sap:updatable="false" sap:sortable="false" sap:filterable="false"/>
<Property Name="SplCheck" Type="Edm.String" Nullable="false" MaxLength="1" sap:unicode="false" sap:label="Special check" sap:creatable="false" sap:updatable="false" sap:sortable="false" sap:filterable="false"/>
<Property Name="TripCrtDate" Type="Edm.DateTime" Precision="0" sap:unicode="false" sap:label="Requisition Date" sap:creatable="false" sap:updatable="false" sap:sortable="false" sap:filterable="false"/>
<Property Name="Pernr" Type="Edm.String" Nullable="false" MaxLength="8" sap:unicode="false" sap:label="Personnel No." sap:creatable="false" sap:updatable="false" sap:sortable="false" sap:filterable="false"/>
<Property Name="Reqnum" Type="Edm.String" Nullable="false" MaxLength="10" sap:unicode="false" sap:label="Requisition Number" sap:creatable="false" sap:sortable="false" sap:filterable="false"/>
<Property Name="TravelCategory" Type="Edm.String" Nullable="false" MaxLength="35" sap:unicode="false" sap:label="Travel Category" sap:creatable="false" sap:updatable="false" sap:sortable="false" sap:filterable="false"/>
<Property Name="CategoryName" Type="Edm.String" Nullable="false" MaxLength="35" sap:unicode="false" sap:label="Category Name" sap:creatable="false" sap:updatable="false" sap:sortable="false" sap:filterable="false"/>
<Property Name="VehicleType" Type="Edm.String" Nullable="false" MaxLength="25" sap:unicode="false" sap:label="Vehicle Type" sap:creatable="false" sap:updatable="false" sap:sortable="false" sap:filterable="false"/>
<Property Name="Reinr" Type="Edm.String" Nullable="false" MaxLength="10" sap:unicode="false" sap:label="Trip Number" sap:creatable="false" sap:updatable="false" sap:sortable="false" sap:filterable="false"/>
<Property Name="VechileAllot" Type="Edm.String" Nullable="false" MaxLength="20" sap:unicode="false" sap:label="Vehicle Allotted" sap:creatable="false" sap:updatable="false" sap:sortable="false" sap:filterable="false"/>
<Property Name="CondOfVechile" Type="Edm.String" Nullable="false" MaxLength="10" sap:unicode="false" sap:label="Condition Of Vehicl" sap:creatable="false" sap:updatable="false" sap:sortable="false" sap:filterable="false"/>
<Property Name="LocationBeg" Type="Edm.String" Nullable="false" MaxLength="40" sap:unicode="false" sap:label="Journey From Loc" sap:creatable="false" sap:updatable="false" sap:sortable="false" sap:filterable="false"/>
<Property Name="DriveQuality" Type="Edm.String" Nullable="false" MaxLength="10" sap:unicode="false" sap:label="Driving Quality" sap:creatable="false" sap:updatable="false" sap:sortable="false" sap:filterable="false"/>
<Property Name="LocationEnd" Type="Edm.String" Nullable="false" MaxLength="40" sap:unicode="false" sap:label="Journey To Loc" sap:creatable="false" sap:updatable="false" sap:sortable="false" sap:filterable="false"/>
<Property Name="DateBeg" Type="Edm.DateTime" Precision="0" sap:unicode="false" sap:label="Journey Date" sap:creatable="false" sap:updatable="false" sap:sortable="false" sap:filterable="false"/>
<Property Name="PrgmSerlNo" Type="Edm.String" Nullable="false" MaxLength="20" sap:unicode="false" sap:label="Program Serial Num" sap:creatable="false" sap:updatable="false" sap:sortable="false" sap:filterable="false"/>
<Property Name="Deptcostcode" Type="Edm.String" Nullable="false" MaxLength="20" sap:unicode="false" sap:label="Dept Cost Code" sap:creatable="false" sap:updatable="false" sap:sortable="false" sap:filterable="false"/>
<Property Name="DateEnd" Type="Edm.DateTime" Precision="0" sap:unicode="false" sap:label="Ends On" sap:creatable="false" sap:updatable="false" sap:sortable="false" sap:filterable="false"/>
<Property Name="Purpose" Type="Edm.String" Nullable="false" MaxLength="50" sap:unicode="false" sap:label="Trip Purpose" sap:creatable="false" sap:updatable="false" sap:sortable="false" sap:filterable="false"/>
<Property Name="ExpctRlseTime" Type="Edm.Time" Nullable="false" Precision="0" sap:unicode="false" sap:label="Expected Release Tim" sap:creatable="false" sap:updatable="false" sap:sortable="false" sap:filterable="false"/>
<Property Name="TimeEnd" Type="Edm.Time" Nullable="false" Precision="0" sap:unicode="false" sap:label="Ends At" sap:creatable="false" sap:updatable="false" sap:sortable="false" sap:filterable="false"/>
<Property Name="RlseTime" Type="Edm.Time" Nullable="false" Precision="0" sap:unicode="false" sap:label="Release Time" sap:creatable="false" sap:updatable="false" sap:sortable="false" sap:filterable="false"/>
<Property Name="StartingKm" Type="Edm.String" Nullable="false" MaxLength="10" sap:unicode="false" sap:label="Starting Kms" sap:creatable="false" sap:updatable="false" sap:sortable="false" sap:filterable="false"/>
<Property Name="CloseKm" Type="Edm.String" Nullable="false" MaxLength="10" sap:unicode="false" sap:label="Closing Kilometer" sap:creatable="false" sap:updatable="false" sap:sortable="false" sap:filterable="false"/>
<Property Name="TotKmRun" Type="Edm.String" Nullable="false" MaxLength="10" sap:unicode="false" sap:label="Total Kilometers" sap:creatable="false" sap:updatable="false" sap:sortable="false" sap:filterable="false"/>
<Property Name="TimeReport" Type="Edm.Time" Nullable="false" Precision="0" sap:unicode="false" sap:label="Time Report" sap:creatable="false" sap:updatable="false" sap:sortable="false" sap:filterable="false"/>
<Property Name="Hod" Type="Edm.String" Nullable="false" MaxLength="35" sap:unicode="false" sap:label="Head of Department" sap:creatable="false" sap:updatable="false" sap:sortable="false" sap:filterable="false"/>
<Property Name="Status" Type="Edm.String" Nullable="false" MaxLength="10" sap:unicode="false" sap:label="Vehicle Req..Stat" sap:creatable="false" sap:sortable="false" sap:filterable="false"/>
<Property Name="HodRejReason" Type="Edm.String" Nullable="false" MaxLength="200" sap:unicode="false" sap:label="HOD Reject" sap:creatable="false" sap:updatable="false" sap:sortable="false" sap:filterable="false"/>
<Property Name="Others" Type="Edm.String" Nullable="false" MaxLength="16" sap:unicode="false" sap:label="Person Name" sap:creatable="false" sap:updatable="false" sap:sortable="false" sap:filterable="false"/>
<Property Name="DriverName" Type="Edm.String" Nullable="false" MaxLength="35" sap:unicode="false" sap:label="Driver Name" sap:creatable="false" sap:updatable="false" sap:sortable="false" sap:filterable="false"/>
<Property Name="DriverMobile" Type="Edm.String" Nullable="false" MaxLength="10" sap:unicode="false" sap:label="Mobile Number" sap:creatable="false" sap:updatable="false" sap:sortable="false" sap:filterable="false"/>
<Property Name="SplLocationFrom" Type="Edm.String" Nullable="false" MaxLength="35" sap:unicode="false" sap:label="Special Location Fro" sap:creatable="false" sap:updatable="false" sap:sortable="false" sap:filterable="false"/>
<Property Name="SplLocationTo" Type="Edm.String" Nullable="false" MaxLength="35" sap:unicode="false" sap:label="Special Location TO" sap:creatable="false" sap:updatable="false" sap:sortable="false" sap:filterable="false"/>
</EntityType>
<EntityType Name="ZTRVL_SPL" sap:content-version="1">
<Key>
<PropertyRef Name="ZlocFrom"/>
<PropertyRef Name="ZlocTo"/>
</Key>
<Property Name="ZlocFrom" Type="Edm.String" Nullable="false" MaxLength="35" sap:unicode="false" sap:label="Special Location From" sap:creatable="false" sap:updatable="false" sap:sortable="false" sap:filterable="false"/>
<Property Name="ZlocTo" Type="Edm.String" Nullable="false" MaxLength="35" sap:unicode="false" sap:label="Special Location To" sap:creatable="false" sap:updatable="false" sap:sortable="false" sap:filterable="false"/>
<Property Name="TotKmRun" Type="Edm.String" Nullable="false" MaxLength="10" sap:unicode="false" sap:label="Total Kilometers" sap:creatable="false" sap:updatable="false" sap:sortable="false" sap:filterable="false"/>
</EntityType>
<EntityType Name="ZTRAVEL_MGMT" sap:content-version="1">
<Key>
<PropertyRef Name="ReqNum"/>
</Key>
<Property Name="Reinr" Type="Edm.String" Nullable="false" MaxLength="10" sap:unicode="false" sap:label="Trip Requisition Number" sap:creatable="false" sap:updatable="false" sap:sortable="false" sap:filterable="false"/>
<Property Name="ReqNum" Type="Edm.String" Nullable="false" MaxLength="10" sap:unicode="false" sap:label="Requisition Number" sap:creatable="false" sap:updatable="false" sap:sortable="false" sap:filterable="false"/>
<Property Name="ReqDate" Type="Edm.DateTime" Precision="0" sap:unicode="false" sap:label="Requisition Date" sap:creatable="false" sap:updatable="false" sap:sortable="false" sap:filterable="false"/>
<Property Name="JourFrom" Type="Edm.String" Nullable="false" MaxLength="40" sap:unicode="false" sap:label="Journey From" sap:creatable="false" sap:updatable="false" sap:sortable="false" sap:filterable="false"/>
<Property Name="JourTo" Type="Edm.String" Nullable="false" MaxLength="40" sap:unicode="false" sap:label="Journey To" sap:creatable="false" sap:updatable="false" sap:sortable="false" sap:filterable="false"/>
<Property Name="DeptCostcode" Type="Edm.String" Nullable="false" MaxLength="20" sap:unicode="false" sap:label="Department Cost Code" sap:creatable="false" sap:updatable="false" sap:sortable="false" sap:filterable="false"/>
<Property Name="MobileNum" Type="Edm.String" Nullable="false" MaxLength="10" sap:unicode="false" sap:label="Mobile Number" sap:creatable="false" sap:updatable="false" sap:sortable="false" sap:filterable="false"/>
<Property Name="JourDate" Type="Edm.DateTime" Precision="0" sap:unicode="false" sap:label="Journey Date" sap:creatable="false" sap:updatable="false" sap:sortable="false" sap:filterable="false"/>
<Property Name="StartTime" Type="Edm.Time" Nullable="false" Precision="0" sap:unicode="false" sap:label="Journey Start Time" sap:creatable="false" sap:updatable="false" sap:sortable="false" sap:filterable="false"/>
<Property Name="ExpctRlseTime" Type="Edm.Time" Nullable="false" Precision="0" sap:unicode="false" sap:label="Expected Release Time" sap:creatable="false" sap:updatable="false" sap:sortable="false" sap:filterable="false"/>
<Property Name="Purpose" Type="Edm.String" Nullable="false" MaxLength="50" sap:unicode="false" sap:label="Journey Purpose" sap:creatable="false" sap:updatable="false" sap:sortable="false" sap:filterable="false"/>
<Property Name="VechileAllot" Type="Edm.String" Nullable="false" MaxLength="20" sap:unicode="false" sap:label="Vehicle Allotted" sap:creatable="false" sap:updatable="false" sap:sortable="false" sap:filterable="false"/>
<Property Name="PrgmSerlNo" Type="Edm.String" Nullable="false" MaxLength="20" sap:unicode="false" sap:label="Program Serial Number" sap:creatable="false" sap:updatable="false" sap:sortable="false" sap:filterable="false"/>
<Property Name="StartingKm" Type="Edm.String" Nullable="false" MaxLength="10" sap:unicode="false" sap:label="Starting Kms" sap:creatable="false" sap:updatable="false" sap:sortable="false" sap:filterable="false"/>
<Property Name="CloseKm" Type="Edm.String" Nullable="false" MaxLength="10" sap:unicode="false" sap:label="Ending Kms" sap:creatable="false" sap:updatable="false" sap:sortable="false" sap:filterable="false"/>
<Property Name="RlseTime" Type="Edm.Time" Nullable="false" Precision="0" sap:unicode="false" sap:label="Release Time" sap:creatable="false" sap:updatable="false" sap:sortable="false" sap:filterable="false"/>
<Property Name="TotKmRun" Type="Edm.String" Nullable="false" MaxLength="10" sap:unicode="false" sap:label="Total Kms run" sap:creatable="false" sap:updatable="false" sap:sortable="false" sap:filterable="false"/>
<Property Name="TimeReport" Type="Edm.Time" Nullable="false" Precision="0" sap:unicode="false" sap:label="Time Report" sap:creatable="false" sap:updatable="false" sap:sortable="false" sap:filterable="false"/>
<Property Name="CondOfVechile" Type="Edm.String" Nullable="false" MaxLength="10" sap:unicode="false" sap:label="Condition Of Vehicle" sap:creatable="false" sap:updatable="false" sap:sortable="false" sap:filterable="false"/>
<Property Name="DriveQuality" Type="Edm.String" Nullable="false" MaxLength="10" sap:unicode="false" sap:label="Driving Quality" sap:creatable="false" sap:updatable="false" sap:sortable="false" sap:filterable="false"/>
<Property Name="Reqraisedby" Type="Edm.String" Nullable="false" MaxLength="16" sap:unicode="false" sap:label="Request Raised By" sap:creatable="false" sap:updatable="false" sap:sortable="false" sap:filterable="false"/>
<Property Name="HOD" Type="Edm.String" Nullable="false" MaxLength="16" sap:unicode="false" sap:label="Head of Department" sap:creatable="false" sap:updatable="false" sap:sortable="false" sap:filterable="false"/>
</EntityType>
<EntityType Name="ztravel_req" sap:content-version="1">
<Key>
<PropertyRef Name="Pernr"/>
<PropertyRef Name="Reinr"/>
</Key>
<Property Name="CategoryName" Type="Edm.String" Nullable="false" MaxLength="35" sap:unicode="false" sap:label="Category Name" sap:creatable="false" sap:updatable="false" sap:sortable="false" sap:filterable="false"/>
<Property Name="TimeBeg" Type="Edm.Time" Precision="0" sap:unicode="false" sap:label="Journey Start Time" sap:creatable="false" sap:updatable="false" sap:sortable="false" sap:filterable="false"/>
<Property Name="Pernr" Type="Edm.String" Nullable="false" MaxLength="8" sap:unicode="false" sap:label="Personnel No." sap:creatable="false" sap:updatable="false" sap:sortable="false" sap:filterable="false"/>
<Property Name="TripCrtDate" Type="Edm.DateTime" Precision="7" sap:unicode="false" sap:label="Requisition Date" sap:creatable="false" sap:updatable="false" sap:sortable="false" sap:filterable="false"/>
<Property Name="Reinr" Type="Edm.String" Nullable="false" MaxLength="10" sap:unicode="false" sap:label="Trip Number" sap:creatable="false" sap:updatable="false" sap:sortable="false" sap:filterable="false"/>
<Property Name="DateBeg" Type="Edm.DateTime" Precision="0" sap:unicode="false" sap:label="Begins On" sap:creatable="false" sap:updatable="false" sap:sortable="false" sap:filterable="false"/>
<Property Name="DateEnd" Type="Edm.DateTime" Precision="0" sap:unicode="false" sap:label="Ends On" sap:creatable="false" sap:updatable="false" sap:sortable="false" sap:filterable="false"/>
<Property Name="TimeEnd" Type="Edm.Time" Nullable="false" Precision="0" sap:unicode="false" sap:label="Ends At" sap:creatable="false" sap:updatable="false" sap:sortable="false" sap:filterable="false"/>
<Property Name="LocationBeg" Type="Edm.String" Nullable="false" MaxLength="59" sap:unicode="false" sap:label="Starting loc." sap:creatable="false" sap:updatable="false" sap:sortable="false" sap:filterable="false"/>
<Property Name="LocationEnd" Type="Edm.String" Nullable="false" MaxLength="59" sap:unicode="false" sap:label="End loc." sap:creatable="false" sap:updatable="false" sap:sortable="false" sap:filterable="false"/>
<Property Name="Mobile" Type="Edm.String" Nullable="false" MaxLength="10" sap:unicode="false" sap:label="Mobile" sap:creatable="false" sap:updatable="false" sap:sortable="false" sap:filterable="false"/>
<Property Name="Ename" Type="Edm.String" Nullable="false" MaxLength="120" sap:unicode="false" sap:label="Name" sap:creatable="false" sap:updatable="false" sap:sortable="false" sap:filterable="false"/>
<Property Name="Reason" Type="Edm.String" Nullable="false" MaxLength="50" sap:unicode="false" sap:label="Reason" sap:creatable="false" sap:updatable="false" sap:sortable="false" sap:filterable="false"/>
<Property Name="CostCode" Type="Edm.String" Nullable="false" MaxLength="10" sap:unicode="false" sap:label="Cost Center" sap:creatable="false" sap:updatable="false" sap:sortable="false" sap:filterable="false"/>
<Property Name="TravelCategory" Type="Edm.String" Nullable="false" MaxLength="35" sap:unicode="false" sap:label="Travel Category" sap:creatable="false" sap:updatable="false" sap:sortable="false" sap:filterable="false"/>
<Property Name="Status" Type="Edm.String" Nullable="false" MaxLength="10" sap:unicode="false" sap:label="Vehicle Req..Stat" sap:creatable="false" sap:updatable="false" sap:sortable="false" sap:filterable="false"/>
</EntityType>
<EntityType Name="VehRequest" sap:content-version="1">
<Key>
<PropertyRef Name="Reqnum"/>
<PropertyRef Name="Reinr"/>
</Key>
<Property Name="LocEdit" Type="Edm.String" Nullable="false" MaxLength="1" sap:unicode="false" sap:label="edited location" sap:creatable="false" sap:updatable="false" sap:sortable="false" sap:filterable="false"/>
<Property Name="Reqnum" Type="Edm.String" Nullable="false" MaxLength="10" sap:unicode="false" sap:label="Requisition Number" sap:creatable="false" sap:updatable="false" sap:sortable="false" sap:filterable="false"/>
<Property Name="TimeBeg" Type="Edm.String" MaxLength="8" sap:unicode="false" sap:label="Journey Start Time" sap:creatable="false" sap:updatable="false" sap:sortable="false" sap:filterable="false"/>
<Property Name="TripCrtDate" Type="Edm.DateTime" Precision="7" sap:unicode="false" sap:label="Requisition Date" sap:creatable="false" sap:updatable="false" sap:sortable="false" sap:filterable="false"/>
<Property Name="Reinr" Type="Edm.String" Nullable="false" MaxLength="10" sap:unicode="false" sap:label="Trip Number" sap:creatable="false" sap:updatable="false" sap:sortable="false" sap:filterable="false"/>
<Property Name="Reqdate" Type="Edm.DateTime" Precision="0" sap:unicode="false" sap:label="Requisition Date" sap:creatable="false" sap:updatable="false" sap:sortable="false" sap:filterable="false"/>
<Property Name="Pernr" Type="Edm.String" Nullable="false" MaxLength="8" sap:unicode="false" sap:label="Personnel No." sap:creatable="false" sap:updatable="false" sap:sortable="false" sap:filterable="false"/>
<Property Name="LocationBeg" Type="Edm.String" Nullable="false" MaxLength="40" sap:unicode="false" sap:label="Journey From Loc" sap:creatable="false" sap:updatable="false" sap:sortable="false" sap:filterable="false"/>
<Property Name="LocationEnd" Type="Edm.String" Nullable="false" MaxLength="40" sap:unicode="false" sap:label="Journey To Loc" sap:creatable="false" sap:updatable="false" sap:sortable="false" sap:filterable="false"/>
<Property Name="DateBeg" Type="Edm.DateTime" Precision="0" sap:unicode="false" sap:label="Journey Date" sap:creatable="false" sap:updatable="false" sap:sortable="false" sap:filterable="false"/>
<Property Name="DateEnd" Type="Edm.DateTime" Precision="0" sap:unicode="false" sap:label="Ends On" sap:creatable="false" sap:updatable="false" sap:sortable="false" sap:filterable="false"/>
<Property Name="TimeEnd" Type="Edm.Time" Precision="0" sap:unicode="false" sap:label="Ends At" sap:creatable="false" sap:updatable="false" sap:sortable="false" sap:filterable="false"/>
<Property Name="VehicleType" Type="Edm.String" Nullable="false" MaxLength="25" sap:unicode="false" sap:label="Vehicle Type" sap:creatable="false" sap:updatable="false" sap:sortable="false" sap:filterable="false"/>
<Property Name="VechileAllot" Type="Edm.String" Nullable="false" MaxLength="20" sap:unicode="false" sap:label="Vehicle Allotted" sap:creatable="false" sap:updatable="false" sap:sortable="false" sap:filterable="false"/>
<Property Name="CondOfVechile" Type="Edm.String" Nullable="false" MaxLength="10" sap:unicode="false" sap:label="Condition Of Vehicl" sap:creatable="false" sap:updatable="false" sap:sortable="false" sap:filterable="false"/>
<Property Name="DriveQuality" Type="Edm.String" Nullable="false" MaxLength="10" sap:unicode="false" sap:label="Driving Quality" sap:creatable="false" sap:updatable="false" sap:sortable="false" sap:filterable="false"/>
<Property Name="PrgmSerlNo" Type="Edm.String" Nullable="false" MaxLength="20" sap:unicode="false" sap:label="Program Serial Num" sap:creatable="false" sap:updatable="false" sap:sortable="false" sap:filterable="false"/>
<Property Name="Deptcostcode" Type="Edm.String" Nullable="false" MaxLength="20" sap:unicode="false" sap:label="Dept Cost Code" sap:creatable="false" sap:updatable="false" sap:sortable="false" sap:filterable="false"/>
<Property Name="Purpose" Type="Edm.String" Nullable="false" MaxLength="50" sap:unicode="false" sap:label="Trip Purpose" sap:creatable="false" sap:updatable="false" sap:sortable="false" sap:filterable="false"/>
<Property Name="MobileNum" Type="Edm.String" Nullable="false" MaxLength="10" sap:unicode="false" sap:label="Mobile Number" sap:creatable="false" sap:updatable="false" sap:sortable="false" sap:filterable="false"/>
<Property Name="ExpctRlseTime" Type="Edm.Time" Precision="0" sap:unicode="false" sap:label="Expected Release Tim" sap:creatable="false" sap:updatable="false" sap:sortable="false" sap:filterable="false"/>
<Property Name="RlseTime" Type="Edm.Time" Nullable="false" Precision="0" sap:unicode="false" sap:label="Release Time" sap:creatable="false" sap:updatable="false" sap:sortable="false" sap:filterable="false"/>
<Property Name="StartingKm" Type="Edm.String" Nullable="false" MaxLength="10" sap:unicode="false" sap:label="Starting Kms" sap:creatable="false" sap:updatable="false" sap:sortable="false" sap:filterable="false"/>
<Property Name="CloseKm" Type="Edm.String" Nullable="false" MaxLength="10" sap:unicode="false" sap:label="Closing Kilometer" sap:creatable="false" sap:updatable="false" sap:sortable="false" sap:filterable="false"/>
<Property Name="TotKmRun" Type="Edm.String" Nullable="false" MaxLength="10" sap:unicode="false" sap:label="Total Kilometers" sap:creatable="false" sap:updatable="false" sap:sortable="false" sap:filterable="false"/>
<Property Name="TimeReport" Type="Edm.Time" Precision="0" sap:unicode="false" sap:label="Time Report" sap:creatable="false" sap:updatable="false" sap:sortable="false" sap:filterable="false"/>
<Property Name="Ename" Type="Edm.String" Nullable="false" MaxLength="120" sap:unicode="false" sap:label="Req.Raised By" sap:creatable="false" sap:updatable="false" sap:sortable="false" sap:filterable="false"/>
<Property Name="Hod" Type="Edm.String" Nullable="false" MaxLength="35" sap:unicode="false" sap:label="Head of Department" sap:creatable="false" sap:updatable="false" sap:sortable="false" sap:filterable="false"/>
<Property Name="Status" Type="Edm.String" Nullable="false" MaxLength="10" sap:unicode="false" sap:label="Vehicle Req..Stat" sap:creatable="false" sap:updatable="false" sap:sortable="false" sap:filterable="false"/>
<Property Name="HodRejReason" Type="Edm.String" Nullable="false" MaxLength="200" sap:unicode="false" sap:label="HOD Reject" sap:creatable="false" sap:updatable="false" sap:sortable="false" sap:filterable="false"/>
<Property Name="Others" Type="Edm.String" Nullable="false" MaxLength="16" sap:unicode="false" sap:label="Person Name" sap:creatable="false" sap:updatable="false" sap:sortable="false" sap:filterable="false"/>
<Property Name="DriverName" Type="Edm.String" Nullable="false" MaxLength="35" sap:unicode="false" sap:label="Driver Name" sap:creatable="false" sap:updatable="false" sap:sortable="false" sap:filterable="false"/>
<Property Name="DriverMobile" Type="Edm.String" Nullable="false" MaxLength="10" sap:unicode="false" sap:label="Mobile Number" sap:creatable="false" sap:updatable="false" sap:sortable="false" sap:filterable="false"/>
<Property Name="TravelCategory" Type="Edm.String" Nullable="false" MaxLength="35" sap:unicode="false" sap:label="Travel Category" sap:creatable="false" sap:updatable="false" sap:sortable="false" sap:filterable="false"/>
<Property Name="CategoryName" Type="Edm.String" Nullable="false" MaxLength="35" sap:unicode="false" sap:label="Category Name" sap:creatable="false" sap:updatable="false" sap:sortable="false" sap:filterable="false"/>
<Property Name="SplLocationFrom" Type="Edm.String" Nullable="false" MaxLength="35" sap:unicode="false" sap:label="Special Location Fro" sap:creatable="false" sap:updatable="false" sap:sortable="false" sap:filterable="false"/>
<Property Name="SplLocationTo" Type="Edm.String" Nullable="false" MaxLength="35" sap:unicode="false" sap:label="Special Location TO" sap:creatable="false" sap:updatable="false" sap:sortable="false" sap:filterable="false"/>
</EntityType>
<EntityType Name="ZEMP_DATA" sap:content-version="1">
<Key>
<PropertyRef Name="Pernr"/>
</Key>
<Property Name="Sname" Type="Edm.String" Nullable="false" sap:unicode="false" sap:label="Employee name" sap:creatable="false" sap:updatable="false" sap:sortable="false" sap:filterable="false"/>
<Property Name="Pernr" Type="Edm.String" Nullable="false" MaxLength="8" sap:unicode="false" sap:label="Personnel no." sap:creatable="false" sap:updatable="false" sap:sortable="false" sap:filterable="false"/>
</EntityType>
<Association Name="Head_cancel" sap:content-version="1">
<End Type="ZABUL_TEST1_SRV.Header" Multiplicity="0..1" Role="FromRole_Head_cancel"/>
<End Type="ZABUL_TEST1_SRV.VehRequest" Multiplicity="0..1" Role="ToRole_Head_cancel"/>
<ReferentialConstraint>
<Principal Role="FromRole_Head_cancel">
<PropertyRef Name="DECISION"/>
</Principal>
<Dependent Role="ToRole_Head_cancel">
<PropertyRef Name="Reqnum"/>
</Dependent>
</ReferentialConstraint>
</Association>
<EntityContainer Name="ZABUL_TEST1_SRV_Entities" m:IsDefaultEntityContainer="true" sap:supported-formats="atom json xlsx">
<EntitySet Name="Header" EntityType="ZABUL_TEST1_SRV.Header" sap:creatable="false" sap:updatable="false" sap:deletable="false" sap:pageable="false" sap:addressable="false" sap:content-version="1"/>
<EntitySet Name="VehReqPostSet" EntityType="ZABUL_TEST1_SRV.VehReqPost" sap:addressable="false" sap:content-version="1"/>
<EntitySet Name="VehSpl" EntityType="ZABUL_TEST1_SRV.ZTRVL_SPL" sap:creatable="false" sap:deletable="false" sap:pageable="false" sap:addressable="false" sap:content-version="1"/>
<EntitySet Name="ZTRAVEL_MGMTSet" EntityType="ZABUL_TEST1_SRV.ZTRAVEL_MGMT" sap:content-version="1"/>
<EntitySet Name="ZTRAVELREQ" EntityType="ZABUL_TEST1_SRV.ztravel_req" sap:creatable="false" sap:updatable="false" sap:deletable="false" sap:content-version="1"/>
<EntitySet Name="VehRequestSet" EntityType="ZABUL_TEST1_SRV.VehRequest" sap:deletable="false" sap:pageable="false" sap:addressable="false" sap:content-version="1"/>
<EntitySet Name="ZEMP_DATASet" EntityType="ZABUL_TEST1_SRV.ZEMP_DATA" sap:creatable="false" sap:deletable="false" sap:pageable="false" sap:addressable="false" sap:content-version="1"/>
<AssociationSet Name="Head_cancelSet01" Association="ZABUL_TEST1_SRV.Head_cancel" sap:creatable="false" sap:updatable="false" sap:deletable="false" sap:content-version="1">
<End EntitySet="Header" Role="FromRole_Head_cancel"/>
<End EntitySet="VehRequestSet" Role="ToRole_Head_cancel"/>
</AssociationSet>
</EntityContainer>
<atom:link xmlns:atom="http://www.w3.org/2005/Atom" rel="self" href="https://172.16.0.210:8001/sap/opu/odata/sap/ZABUL_TEST1_SRV/$metadata"/>
<atom:link xmlns:atom="http://www.w3.org/2005/Atom" rel="latest-version" href="https://172.16.0.210:8001/sap/opu/odata/sap/ZABUL_TEST1_SRV/$metadata"/>
</Schema>
</edmx:DataServices>
</edmx:Edmx>