<core:FragmentDefinition xmlns="sap.m" xmlns:core="sap.ui.core">
	<Dialog id="reasonDialog" title="Reason for Rejection" contentHeight="30%" contentWidth="30%">
		<content>
			<VBox class="sapUiSmallMargin">
				<!-- Rejection Reason -->
				<Label text="Rejection Reason:" design="Bold" required="true"/>
				<TextArea id="idTextAreaRejReason" width="90%" maxLength="1000" cols="20"/>
				<!-- Actual Rate per KG -->
				<HBox>
					<Label text="Actual Rate per KG:" design="Bold" class="sapUiSmallMarginTop" required="true"/>
					<Input id="idActualRate" width="90%" class="sapUiSmallMarginBegin" type="Number" placeholder="Enter rate per KG"/>
				</HBox>
			</VBox>
		</content>
		<beginButton>
			<Button text="Submit" type="Emphasized" press="onApplyReject"/>
		</beginButton>
		<endButton>
			<Button text="Close" type="Emphasized" press="onRejectDialogClose"/>
		</endButton>
	</Dialog>
</core:FragmentDefinition>