<edmx:Edmx xmlns:edmx="http://schemas.microsoft.com/ado/2007/06/edmx" xmlns:m="http://schemas.microsoft.com/ado/2007/08/dataservices/metadata" xmlns:sap="http://www.sap.com/Protocols/SAPData" Version="1.0">
<edmx:DataServices m:DataServiceVersion="2.0">
<Schema xmlns="http://schemas.microsoft.com/ado/2008/09/edm" Namespace="ZTM_MANAGE_VEHICLE_REQ_SRV" xml:lang="en" sap:schema-version="1">
<EntityType Name="AssetList" sap:content-version="1">
<Key>
<PropertyRef Name="BUKRS"/>
<PropertyRef Name="ANLN1"/>
<PropertyRef Name="ANLN2"/>
</Key>
<Property Name="BUKRS" Type="Edm.String" Nullable="false" MaxLength="4" sap:unicode="false" sap:label="Company Code" sap:creatable="false" sap:updatable="false"/>
<Property Name="ANLN1" Type="Edm.String" Nullable="false" MaxLength="12" sap:unicode="false" sap:label="Asset Number" sap:creatable="false" sap:updatable="false"/>
<Property Name="ANLN2" Type="Edm.String" Nullable="false" MaxLength="4" sap:unicode="false" sap:label="Sub Asset Number" sap:creatable="false" sap:updatable="false"/>
<Property Name="ANLKL" Type="Edm.String" Nullable="false" MaxLength="8" sap:unicode="false" sap:label="Asset Class" sap:creatable="false" sap:updatable="false" sap:value-list="standard"/>
<Property Name="LIFNR" Type="Edm.String" Nullable="false" MaxLength="10" sap:unicode="false" sap:label="Vendor Code" sap:creatable="false" sap:updatable="false"/>
<Property Name="ZUGDT" Type="Edm.DateTime" Precision="0" sap:unicode="false" sap:label="First Value Date" sap:creatable="false" sap:updatable="false"/>
<Property Name="AKTIV" Type="Edm.DateTime" Precision="0" sap:unicode="false" sap:label="Capitalized Date" sap:creatable="false" sap:updatable="false"/>
<Property Name="MENGE" Type="Edm.Int32" sap:unicode="false" sap:label="Quantity" sap:creatable="false" sap:updatable="false"/>
<Property Name="MEINS" Type="Edm.String" MaxLength="3" sap:unicode="false" sap:label="UOM" sap:creatable="false" sap:updatable="false"/>
<Property Name="TYPBZ" Type="Edm.String" MaxLength="50" sap:unicode="false" sap:label="Type name" sap:creatable="false" sap:updatable="false"/>
<Property Name="TXT50" Type="Edm.String" MaxLength="50" sap:unicode="false" sap:label="Asset Name" sap:creatable="false" sap:updatable="false"/>
<Property Name="ABGDT" Type="Edm.DateTime" Precision="0" sap:unicode="false" sap:label="Retirement Date" sap:creatable="false" sap:updatable="false" sap:filterable="false"/>
<Property Name="DEAKT" Type="Edm.DateTime" Precision="0" sap:unicode="false" sap:label="Deactivation date" sap:creatable="false" sap:updatable="false" sap:filterable="false"/>
<Property Name="GPLAB" Type="Edm.DateTime" Precision="0" sap:unicode="false" sap:label="Planned retirement date" sap:creatable="false" sap:updatable="false" sap:filterable="false"/>
<Property Name="ERDAT" Type="Edm.DateTime" Precision="0" sap:unicode="false" sap:label="Created On" sap:creatable="false" sap:updatable="false" sap:filterable="false"/>
<Property Name="AIBDT" Type="Edm.DateTime" Precision="0" sap:unicode="false" sap:label="Aquisition Date" sap:creatable="false" sap:updatable="false" sap:filterable="false"/>
<Property Name="ERNAM" Type="Edm.String" MaxLength="12" sap:unicode="false" sap:label="Created By" sap:creatable="false" sap:updatable="false" sap:filterable="false"/>
<Property Name="HERST" Type="Edm.String" MaxLength="50" sap:unicode="false" sap:label="Manufacturer" sap:creatable="false" sap:updatable="false" sap:sortable="false" sap:filterable="false"/>
<Property Name="URWRT" Type="Edm.Decimal" Precision="13" Scale="2" sap:unicode="false" sap:label="Aquisition Value" sap:creatable="false" sap:updatable="false" sap:sortable="false" sap:filterable="false"/>
<Property Name="EHWRT" Type="Edm.Decimal" Precision="13" Scale="2" sap:unicode="false" sap:label="Asset value" sap:creatable="false" sap:updatable="false" sap:sortable="false" sap:filterable="false"/>
<Property Name="KOSTL" Type="Edm.String" MaxLength="10" sap:unicode="false" sap:label="Cost Center" sap:creatable="false" sap:updatable="false"/>
<Property Name="WERKS" Type="Edm.String" MaxLength="4" sap:unicode="false" sap:label="Plant" sap:creatable="false" sap:updatable="false"/>
<Property Name="AUFNR" Type="Edm.String" MaxLength="12" sap:unicode="false" sap:label="Internal Order" sap:creatable="false" sap:updatable="false"/>
<Property Name="VENDORNAME" Type="Edm.String" MaxLength="50" sap:unicode="false" sap:label="Vendor Name" sap:creatable="false" sap:updatable="false"/>
<Property Name="COSTCENTERNAME" Type="Edm.String" MaxLength="50" sap:unicode="false" sap:label="Cost Center Name" sap:creatable="false" sap:updatable="false"/>
<Property Name="PLANTNAME" Type="Edm.String" MaxLength="50" sap:unicode="false" sap:label="Plant Name" sap:creatable="false" sap:updatable="false"/>
<Property Name="INTORDNAME" Type="Edm.String" MaxLength="50" sap:unicode="false" sap:label="Internal Order Name" sap:creatable="false" sap:updatable="false"/>
<Property Name="EBELN" Type="Edm.String" MaxLength="10" sap:unicode="false" sap:label="Purchase Order" sap:creatable="false" sap:updatable="false"/>
<Property Name="PODATE" Type="Edm.DateTime" Precision="0" sap:unicode="false" sap:label="PO Date" sap:creatable="false" sap:updatable="false"/>
<Property Name="BARCODE" Type="Edm.String" MaxLength="100" sap:unicode="false" sap:label="Bar Code" sap:creatable="false" sap:updatable="false"/>
<Property Name="RFID" Type="Edm.String" MaxLength="100" sap:unicode="false" sap:label="RFID Tag" sap:creatable="false" sap:updatable="false"/>
<Property Name="BARCODEXIST" Type="Edm.String" MaxLength="1" sap:unicode="false" sap:label="Bar Code Exist" sap:creatable="false" sap:updatable="false"/>
<Property Name="RFIDEXIST" Type="Edm.String" MaxLength="1" sap:unicode="false" sap:label="RFID Exist" sap:creatable="false" sap:updatable="false"/>
<Property Name="STATUS" Type="Edm.String" MaxLength="50" sap:unicode="false" sap:label="Status" sap:creatable="false" sap:updatable="false"/>
<Property Name="TAGGABLE" Type="Edm.String" MaxLength="20" sap:unicode="false" sap:label="Taggable" sap:creatable="false" sap:updatable="false"/>
<Property Name="EQUNR" Type="Edm.String" Nullable="false" MaxLength="18" sap:unicode="false" sap:label="Equipment No" sap:creatable="false" sap:updatable="false" sap:sortable="false" sap:filterable="false"/>
</EntityType>
<EntityType Name="VendorHelp" sap:content-version="1">
<Key>
<PropertyRef Name="LIFNR"/>
</Key>
<Property Name="LIFNR" Type="Edm.String" Nullable="false" MaxLength="10" sap:unicode="false" sap:creatable="false" sap:updatable="false" sap:sortable="false" sap:filterable="false"/>
<Property Name="NAME1" Type="Edm.String" Nullable="false" MaxLength="35" sap:unicode="false" sap:creatable="false" sap:updatable="false" sap:sortable="false" sap:filterable="false"/>
</EntityType>
<EntityType Name="AssetClassHelp" sap:content-version="1">
<Key>
<PropertyRef Name="ANLKL"/>
</Key>
<Property Name="ANLKL" Type="Edm.String" Nullable="false" MaxLength="8" sap:text="TXT50" sap:unicode="false" sap:creatable="false" sap:updatable="false"/>
<Property Name="TXT50" Type="Edm.String" Nullable="false" MaxLength="50" sap:unicode="false" sap:creatable="false" sap:updatable="false"/>
</EntityType>
<EntityType Name="Header" sap:content-version="1">
<Key>
<PropertyRef Name="Action"/>
</Key>
<Property Name="Action" Type="Edm.String" Nullable="false" MaxLength="50" sap:unicode="false" sap:creatable="false" sap:updatable="false" sap:sortable="false" sap:filterable="false"/>
<Property Name="MSG" Type="Edm.String" Nullable="false" MaxLength="200" sap:unicode="false" sap:creatable="false" sap:updatable="false" sap:sortable="false" sap:filterable="false"/>
<Property Name="COMMENTS" Type="Edm.String" Nullable="false" MaxLength="200" sap:unicode="false" sap:creatable="false" sap:updatable="false" sap:sortable="false" sap:filterable="false"/>
<Property Name="TYPE" Type="Edm.String" Nullable="false" MaxLength="50" sap:unicode="false" sap:creatable="false" sap:updatable="false" sap:sortable="false" sap:filterable="false"/>
<Property Name="REASON" Type="Edm.String" Nullable="false" MaxLength="200" sap:unicode="false" sap:creatable="false" sap:updatable="false" sap:sortable="false" sap:filterable="false"/>
<Property Name="CHKOTHERLOC" Type="Edm.String" Nullable="false" MaxLength="1" sap:unicode="false" sap:creatable="false" sap:updatable="false" sap:sortable="false" sap:filterable="false"/>
<Property Name="CHKSCRAP" Type="Edm.String" Nullable="false" MaxLength="1" sap:unicode="false" sap:creatable="false" sap:updatable="false" sap:sortable="false" sap:filterable="false"/>
<Property Name="CHKREPLACE" Type="Edm.String" Nullable="false" MaxLength="1" sap:unicode="false" sap:creatable="false" sap:updatable="false" sap:sortable="false" sap:filterable="false"/>
<Property Name="CHKTECHOBSO" Type="Edm.String" Nullable="false" MaxLength="1" sap:unicode="false" sap:creatable="false" sap:updatable="false" sap:sortable="false" sap:filterable="false"/>
<Property Name="OTHLOCNAME" Type="Edm.String" Nullable="false" MaxLength="50" sap:unicode="false" sap:creatable="false" sap:updatable="false" sap:sortable="false" sap:filterable="false"/>
<Property Name="TRANSFERDEP" Type="Edm.String" Nullable="false" MaxLength="50" sap:unicode="false" sap:creatable="false" sap:updatable="false" sap:sortable="false" sap:filterable="false"/>
<Property Name="TRANSFERDATE" Type="Edm.DateTime" Precision="0" sap:unicode="false" sap:creatable="false" sap:updatable="false" sap:sortable="false" sap:filterable="false"/>
<Property Name="DUEDATE" Type="Edm.DateTime" Precision="0" sap:unicode="false" sap:creatable="false" sap:updatable="false" sap:sortable="false" sap:filterable="false"/>
<Property Name="ARESULT" Type="Edm.String" Nullable="false" MaxLength="50" sap:unicode="false" sap:creatable="false" sap:updatable="false" sap:sortable="false" sap:filterable="false"/>
<Property Name="PERMANREASON" Type="Edm.String" Nullable="false" MaxLength="100" sap:unicode="false" sap:creatable="false" sap:updatable="false" sap:sortable="false" sap:filterable="false"/>
<NavigationProperty Name="Emails" Relationship="ZTM_MANAGE_VEHICLE_REQ_SRV.Header_Emails" FromRole="FromRole_Header_Emails" ToRole="ToRole_Header_Emails"/>
<NavigationProperty Name="AssetList" Relationship="ZTM_MANAGE_VEHICLE_REQ_SRV.Header_AssetList" FromRole="FromRole_Header_AssetList" ToRole="ToRole_Header_AssetList"/>
</EntityType>
<EntityType Name="Emails" sap:content-version="1">
<Key>
<PropertyRef Name="EMAIL"/>
</Key>
<Property Name="EMAIL" Type="Edm.String" Nullable="false" MaxLength="241" sap:unicode="false" sap:label="E-Mail Address" sap:creatable="false" sap:updatable="false" sap:sortable="false" sap:filterable="false"/>
<Property Name="UNAME" Type="Edm.String" Nullable="false" MaxLength="12" sap:unicode="false" sap:creatable="false" sap:updatable="false" sap:sortable="false" sap:filterable="false"/>
<Property Name="NAME1" Type="Edm.String" Nullable="false" MaxLength="35" sap:unicode="false" sap:label="Name 1" sap:creatable="false" sap:updatable="false" sap:sortable="false" sap:filterable="false"/>
</EntityType>
<EntityType Name="AssetItems" sap:content-version="1">
<Key>
<PropertyRef Name="BUKRS"/>
<PropertyRef Name="ANLN1"/>
<PropertyRef Name="ANLN2"/>
<PropertyRef Name="MENGE"/>
</Key>
<Property Name="BUKRS" Type="Edm.String" Nullable="false" MaxLength="4" sap:unicode="false" sap:label="Company Code" sap:creatable="false" sap:updatable="false"/>
<Property Name="ANLN1" Type="Edm.String" Nullable="false" MaxLength="12" sap:unicode="false" sap:label="Asset Number" sap:creatable="false" sap:updatable="false"/>
<Property Name="ANLN2" Type="Edm.String" Nullable="false" MaxLength="4" sap:unicode="false" sap:label="Sub Asset Number" sap:creatable="false" sap:updatable="false"/>
<Property Name="MENGE" Type="Edm.Int32" Nullable="false" sap:unicode="false" sap:label="Qty Serial" sap:creatable="false" sap:updatable="false"/>
<Property Name="ANLKL" Type="Edm.String" Nullable="false" MaxLength="8" sap:unicode="false" sap:label="Asset Class" sap:creatable="false" sap:updatable="false"/>
<Property Name="LIFNR" Type="Edm.String" Nullable="false" MaxLength="10" sap:unicode="false" sap:label="Vendor Code" sap:creatable="false" sap:updatable="false"/>
<Property Name="ZUGDT" Type="Edm.DateTime" Precision="0" sap:unicode="false" sap:label="Aquisition Date" sap:creatable="false" sap:updatable="false"/>
<Property Name="AKTIV" Type="Edm.DateTime" Precision="0" sap:unicode="false" sap:label="Capitalized Date" sap:creatable="false" sap:updatable="false"/>
<Property Name="MEINS" Type="Edm.String" MaxLength="3" sap:unicode="false" sap:label="UOM" sap:creatable="false" sap:updatable="false"/>
<Property Name="TYPBZ" Type="Edm.String" MaxLength="50" sap:unicode="false" sap:label="Type name" sap:creatable="false" sap:updatable="false"/>
<Property Name="TXT50" Type="Edm.String" MaxLength="50" sap:unicode="false" sap:label="Asset Name" sap:creatable="false" sap:updatable="false"/>
<Property Name="ABGDT" Type="Edm.DateTime" Precision="0" sap:unicode="false" sap:label="Retirement Date" sap:creatable="false" sap:updatable="false" sap:filterable="false"/>
<Property Name="DEAKT" Type="Edm.DateTime" Precision="0" sap:unicode="false" sap:label="Deactivation date" sap:creatable="false" sap:updatable="false" sap:filterable="false"/>
<Property Name="GPLAB" Type="Edm.DateTime" Precision="0" sap:unicode="false" sap:label="Planned retirement date" sap:creatable="false" sap:updatable="false" sap:filterable="false"/>
<Property Name="ERDAT" Type="Edm.DateTime" Precision="0" sap:unicode="false" sap:label="Created On" sap:creatable="false" sap:updatable="false" sap:filterable="false"/>
<Property Name="ERNAM" Type="Edm.String" MaxLength="12" sap:unicode="false" sap:label="Created By" sap:creatable="false" sap:updatable="false" sap:filterable="false"/>
<Property Name="HERST" Type="Edm.String" MaxLength="50" sap:unicode="false" sap:label="Manufacturer" sap:creatable="false" sap:updatable="false" sap:sortable="false" sap:filterable="false"/>
<Property Name="URWRT" Type="Edm.Decimal" Precision="13" Scale="2" sap:unicode="false" sap:label="Aquisition Value" sap:creatable="false" sap:updatable="false" sap:sortable="false" sap:filterable="false"/>
<Property Name="EHWRT" Type="Edm.Decimal" Precision="13" Scale="2" sap:unicode="false" sap:label="Book value" sap:creatable="false" sap:updatable="false" sap:sortable="false" sap:filterable="false"/>
<Property Name="KOSTL" Type="Edm.String" MaxLength="10" sap:unicode="false" sap:label="Cost Center" sap:creatable="false" sap:updatable="false"/>
<Property Name="WERKS" Type="Edm.String" MaxLength="4" sap:unicode="false" sap:label="Plant" sap:creatable="false" sap:updatable="false"/>
<Property Name="AUFNR" Type="Edm.String" MaxLength="12" sap:unicode="false" sap:label="Internal Order" sap:creatable="false" sap:updatable="false"/>
<Property Name="VENDORNAME" Type="Edm.String" MaxLength="50" sap:unicode="false" sap:label="Vendor Name" sap:creatable="false" sap:updatable="false"/>
<Property Name="COSTCENTERNAME" Type="Edm.String" MaxLength="50" sap:unicode="false" sap:label="Cost Center Name" sap:creatable="false" sap:updatable="false"/>
<Property Name="PLANTNAME" Type="Edm.String" MaxLength="50" sap:unicode="false" sap:label="Plant Name" sap:creatable="false" sap:updatable="false"/>
<Property Name="INTORDNAME" Type="Edm.String" MaxLength="50" sap:unicode="false" sap:label="Internal Order Name" sap:creatable="false" sap:updatable="false"/>
<Property Name="EBELN" Type="Edm.String" MaxLength="10" sap:unicode="false" sap:label="Purchase Order" sap:creatable="false" sap:updatable="false"/>
<Property Name="PODATE" Type="Edm.DateTime" Precision="0" sap:unicode="false" sap:label="PO Date" sap:creatable="false" sap:updatable="false"/>
<Property Name="BARCODE" Type="Edm.String" MaxLength="100" sap:unicode="false" sap:label="Bar Code" sap:creatable="false" sap:updatable="false"/>
<Property Name="RFID" Type="Edm.String" MaxLength="100" sap:unicode="false" sap:label="RFID Tag" sap:creatable="false" sap:updatable="false"/>
<Property Name="BARCODEXIST" Type="Edm.String" MaxLength="1" sap:unicode="false" sap:label="Bar Code Exist" sap:creatable="false" sap:updatable="false"/>
<Property Name="RFIDEXIST" Type="Edm.String" MaxLength="1" sap:unicode="false" sap:label="RFID Exist" sap:creatable="false" sap:updatable="false"/>
<Property Name="STATUS" Type="Edm.String" MaxLength="50" sap:unicode="false" sap:label="Status" sap:creatable="false" sap:updatable="false"/>
<Property Name="TAGGABLE" Type="Edm.String" MaxLength="20" sap:unicode="false" sap:label="Taggable" sap:creatable="false" sap:updatable="false"/>
<Property Name="DEPVAL" Type="Edm.Decimal" Precision="13" Scale="2" sap:unicode="false" sap:label="Depriciated Value" sap:creatable="false" sap:updatable="false"/>
<Property Name="GRDATE" Type="Edm.DateTime" Precision="0" sap:unicode="false" sap:label="GR Date" sap:creatable="false" sap:updatable="false"/>
<Property Name="RECPVDATE" Type="Edm.DateTime" Precision="0" sap:unicode="false" sap:label="Recent Physical Verification Date" sap:creatable="false" sap:updatable="false" sap:sortable="false" sap:filterable="false"/>
<Property Name="RECPVAGE" Type="Edm.Int32" Nullable="false" sap:unicode="false" sap:label="Recent Physical Verification Age" sap:creatable="false" sap:updatable="false" sap:sortable="false" sap:filterable="false"/>
<Property Name="RECPVUSER" Type="Edm.String" Nullable="false" MaxLength="12" sap:unicode="false" sap:label="Recent Physical Verification Processor" sap:creatable="false" sap:updatable="false" sap:sortable="false" sap:filterable="false"/>
<Property Name="RECPVRESULT" Type="Edm.String" Nullable="false" MaxLength="50" sap:unicode="false" sap:label="Recent Physical Verification Result" sap:creatable="false" sap:updatable="false" sap:sortable="false" sap:filterable="false"/>
<Property Name="DISPREQUSER" Type="Edm.String" Nullable="false" MaxLength="12" sap:unicode="false" sap:label="Disposal Request Created By" sap:creatable="false" sap:updatable="false" sap:sortable="false" sap:filterable="false"/>
<Property Name="DISPPROCDATE" Type="Edm.DateTime" Precision="0" sap:unicode="false" sap:label="Disposal Request Date" sap:creatable="false" sap:updatable="false" sap:sortable="false" sap:filterable="false"/>
<Property Name="DISPPROCUSER" Type="Edm.String" Nullable="false" MaxLength="12" sap:unicode="false" sap:label="Disposal Processed User" sap:creatable="false" sap:updatable="false" sap:sortable="false" sap:filterable="false"/>
<Property Name="DISPTYPE" Type="Edm.String" Nullable="false" MaxLength="50" sap:unicode="false" sap:label="Disposal Type" sap:creatable="false" sap:updatable="false" sap:sortable="false" sap:filterable="false"/>
<Property Name="DISPREASON" Type="Edm.String" Nullable="false" MaxLength="50" sap:unicode="false" sap:label="Disposal Reason" sap:creatable="false" sap:updatable="false" sap:sortable="false" sap:filterable="false"/>
<Property Name="TOTALAGE" Type="Edm.Int32" Nullable="false" sap:unicode="false" sap:label="Total Age of Asset" sap:creatable="false" sap:updatable="false" sap:sortable="false" sap:filterable="false"/>
<Property Name="EQUNR" Type="Edm.String" Nullable="false" MaxLength="18" sap:unicode="false" sap:label="Equipment No" sap:creatable="false" sap:updatable="false" sap:sortable="false" sap:filterable="false"/>
<NavigationProperty Name="Tags" Relationship="ZTM_MANAGE_VEHICLE_REQ_SRV.AssetItems_Tags" FromRole="FromRole_AssetItems_Tags" ToRole="ToRole_AssetItems_Tags"/>
<NavigationProperty Name="CollectionRequests" Relationship="ZTM_MANAGE_VEHICLE_REQ_SRV.AssetItems_CollectionRequests" FromRole="FromRole_AssetItems_CollectionRequests" ToRole="ToRole_AssetItems_CollectionRequests"/>
<NavigationProperty Name="InstallationRequests" Relationship="ZTM_MANAGE_VEHICLE_REQ_SRV.AssetItems_InstallationRequests" FromRole="FromRole_AssetItems_InstallationRequests" ToRole="ToRole_AssetItems_InstallationRequests"/>
<NavigationProperty Name="Equipments" Relationship="ZTM_MANAGE_VEHICLE_REQ_SRV.AssetItems_Equipments" FromRole="FromRole_AssetItems_Equipments" ToRole="ToRole_AssetItems_Equipments"/>
<NavigationProperty Name="AssetPVDetails" Relationship="ZTM_MANAGE_VEHICLE_REQ_SRV.AssetItems_AssetPVDetails" FromRole="FromRole_AssetItems_AssetPVDetails" ToRole="ToRole_AssetItems_AssetPVDetails"/>
<NavigationProperty Name="AssetDispDetails" Relationship="ZTM_MANAGE_VEHICLE_REQ_SRV.AssetItems_DispDetails" FromRole="FromRole_AssetItems_DispDetails" ToRole="ToRole_AssetItems_DispDetails"/>
<NavigationProperty Name="Depreciations" Relationship="ZTM_MANAGE_VEHICLE_REQ_SRV.AssetItems_Depreciations" FromRole="FromRole_AssetItems_Depreciations" ToRole="ToRole_AssetItems_Depreciations"/>
</EntityType>
<EntityType Name="Tags" sap:content-version="1">
<Key>
<PropertyRef Name="Bukrs"/>
<PropertyRef Name="Anln1"/>
<PropertyRef Name="Anln2"/>
<PropertyRef Name="Menge"/>
</Key>
<Property Name="Bukrs" Type="Edm.String" Nullable="false" MaxLength="4" sap:unicode="false" sap:label="Company Code" sap:creatable="false" sap:updatable="false" sap:sortable="false" sap:filterable="false"/>
<Property Name="Anln1" Type="Edm.String" Nullable="false" MaxLength="12" sap:unicode="false" sap:label="Asset" sap:creatable="false" sap:updatable="false" sap:sortable="false" sap:filterable="false"/>
<Property Name="Anln2" Type="Edm.String" Nullable="false" MaxLength="4" sap:unicode="false" sap:label="Sub-number" sap:creatable="false" sap:updatable="false" sap:sortable="false" sap:filterable="false"/>
<Property Name="Menge" Type="Edm.Int32" Nullable="false" sap:unicode="false" sap:label="Number" sap:creatable="false" sap:updatable="false" sap:sortable="false" sap:filterable="false"/>
<Property Name="Edate" Type="Edm.DateTime" Precision="7" sap:unicode="false" sap:label="Created On" sap:creatable="false" sap:updatable="false" sap:sortable="false" sap:filterable="false"/>
<Property Name="Etime" Type="Edm.Time" Nullable="false" Precision="0" sap:unicode="false" sap:label="Time" sap:creatable="false" sap:updatable="false" sap:sortable="false" sap:filterable="false"/>
<Property Name="Euser" Type="Edm.String" Nullable="false" MaxLength="12" sap:unicode="false" sap:label="Created By" sap:creatable="false" sap:updatable="false" sap:sortable="false" sap:filterable="false"/>
<Property Name="Barcode" Type="Edm.String" Nullable="false" MaxLength="100" sap:unicode="false" sap:label="Character 100" sap:creatable="false" sap:updatable="false" sap:sortable="false" sap:filterable="false"/>
<Property Name="Rfid" Type="Edm.String" Nullable="false" MaxLength="100" sap:unicode="false" sap:label="Character 100" sap:creatable="false" sap:updatable="false" sap:sortable="false" sap:filterable="false"/>
<Property Name="Active" Type="Edm.String" Nullable="false" MaxLength="1" sap:unicode="false" sap:label="Single-Character Flag" sap:creatable="false" sap:updatable="false" sap:sortable="false" sap:filterable="false"/>
</EntityType>
<EntityType Name="CollectionRequests" sap:content-version="1">
<Key>
<PropertyRef Name="Bukrs"/>
<PropertyRef Name="Anln1"/>
<PropertyRef Name="Anln2"/>
<PropertyRef Name="Menge"/>
<PropertyRef Name="Email"/>
</Key>
<Property Name="Bukrs" Type="Edm.String" Nullable="false" MaxLength="4" sap:unicode="false" sap:label="Company Code" sap:creatable="false" sap:updatable="false" sap:sortable="false" sap:filterable="false"/>
<Property Name="Anln1" Type="Edm.String" Nullable="false" MaxLength="12" sap:unicode="false" sap:label="Asset" sap:creatable="false" sap:updatable="false" sap:sortable="false" sap:filterable="false"/>
<Property Name="Anln2" Type="Edm.String" Nullable="false" MaxLength="4" sap:unicode="false" sap:label="Sub-number" sap:creatable="false" sap:updatable="false" sap:sortable="false" sap:filterable="false"/>
<Property Name="Menge" Type="Edm.Int32" Nullable="false" sap:unicode="false" sap:label="Number" sap:creatable="false" sap:updatable="false" sap:sortable="false" sap:filterable="false"/>
<Property Name="Email" Type="Edm.String" Nullable="false" MaxLength="241" sap:unicode="false" sap:label="E-Mail Address" sap:creatable="false" sap:updatable="false" sap:sortable="false" sap:filterable="false"/>
<Property Name="Userid" Type="Edm.String" Nullable="false" MaxLength="12" sap:unicode="false" sap:label="User Name" sap:creatable="false" sap:updatable="false" sap:sortable="false" sap:filterable="false"/>
<Property Name="Uname" Type="Edm.String" Nullable="false" MaxLength="30" sap:unicode="false" sap:label="Name 1" sap:creatable="false" sap:updatable="false" sap:sortable="false" sap:filterable="false"/>
<Property Name="Euser" Type="Edm.String" Nullable="false" MaxLength="12" sap:unicode="false" sap:label="Created By" sap:creatable="false" sap:updatable="false" sap:sortable="false" sap:filterable="false"/>
<Property Name="Edate" Type="Edm.DateTime" Precision="7" sap:unicode="false" sap:label="Created On" sap:creatable="false" sap:updatable="false" sap:sortable="false" sap:filterable="false"/>
<Property Name="Etime" Type="Edm.Time" Nullable="false" Precision="0" sap:unicode="false" sap:label="Time" sap:creatable="false" sap:updatable="false" sap:sortable="false" sap:filterable="false"/>
<Property Name="Comments" Type="Edm.String" Nullable="false" MaxLength="200" sap:unicode="false" sap:label="Comments" sap:creatable="false" sap:updatable="false" sap:sortable="false" sap:filterable="false"/>
</EntityType>
<EntityType Name="Depreciations" sap:content-version="1">
<Key>
<PropertyRef Name="Bukrs"/>
<PropertyRef Name="Anln1"/>
<PropertyRef Name="Anln2"/>
<PropertyRef Name="Menge"/>
</Key>
<Property Name="Bukrs" Type="Edm.String" Nullable="false" MaxLength="4" sap:unicode="false" sap:label="Company Code" sap:creatable="false" sap:updatable="false" sap:sortable="false" sap:filterable="false"/>
<Property Name="Anln1" Type="Edm.String" Nullable="false" MaxLength="12" sap:unicode="false" sap:label="Asset" sap:creatable="false" sap:updatable="false" sap:sortable="false" sap:filterable="false"/>
<Property Name="Anln2" Type="Edm.String" Nullable="false" MaxLength="4" sap:unicode="false" sap:label="Sub-number" sap:creatable="false" sap:updatable="false" sap:sortable="false" sap:filterable="false"/>
<Property Name="Menge" Type="Edm.Int32" Nullable="false" sap:unicode="false" sap:label="Number" sap:creatable="false" sap:updatable="false" sap:sortable="false" sap:filterable="false"/>
<Property Name="AFABE" Type="Edm.String" Nullable="false" MaxLength="2" sap:unicode="false" sap:label="Depreciation area" sap:creatable="false" sap:updatable="false" sap:sortable="false" sap:filterable="false"/>
<Property Name="GJAHR" Type="Edm.String" Nullable="false" MaxLength="4" sap:unicode="false" sap:label="Year" sap:creatable="false" sap:updatable="false" sap:sortable="false" sap:filterable="false"/>
<Property Name="AFBLPE" Type="Edm.String" Nullable="false" MaxLength="3" sap:unicode="false" sap:label="Period" sap:creatable="false" sap:updatable="false" sap:sortable="false" sap:filterable="false"/>
<Property Name="AFBANZ" Type="Edm.String" Nullable="false" MaxLength="2" sap:unicode="false" sap:label="No Dep Posted" sap:creatable="false" sap:updatable="false" sap:sortable="false" sap:filterable="false"/>
<Property Name="KANSW" Type="Edm.Decimal" Nullable="false" Precision="13" Scale="2" sap:unicode="false" sap:label="Aquisition Value" sap:creatable="false" sap:updatable="false" sap:sortable="false" sap:filterable="false"/>
<Property Name="KNAFA" Type="Edm.Decimal" Nullable="false" Precision="13" Scale="2" sap:unicode="false" sap:label="Depreciated Value" sap:creatable="false" sap:updatable="false" sap:sortable="false" sap:filterable="false"/>
<Property Name="NAFAG" Type="Edm.Decimal" Nullable="false" Precision="13" Scale="2" sap:unicode="false" sap:label="Depreciation Posted" sap:creatable="false" sap:updatable="false" sap:sortable="false" sap:filterable="false"/>
</EntityType>
<EntityType Name="Equipments" sap:content-version="1">
<Key>
<PropertyRef Name="Bukrs"/>
<PropertyRef Name="Anln1"/>
<PropertyRef Name="Anln2"/>
<PropertyRef Name="Menge"/>
</Key>
<Property Name="Bukrs" Type="Edm.String" Nullable="false" MaxLength="4" sap:unicode="false" sap:label="Company Code" sap:creatable="false" sap:updatable="false" sap:sortable="false" sap:filterable="false"/>
<Property Name="Anln1" Type="Edm.String" Nullable="false" MaxLength="12" sap:unicode="false" sap:label="Asset" sap:creatable="false" sap:updatable="false" sap:sortable="false" sap:filterable="false"/>
<Property Name="Anln2" Type="Edm.String" Nullable="false" MaxLength="4" sap:unicode="false" sap:label="Sub-number" sap:creatable="false" sap:updatable="false" sap:sortable="false" sap:filterable="false"/>
<Property Name="Menge" Type="Edm.Int32" Nullable="false" sap:unicode="false" sap:label="Number" sap:creatable="false" sap:updatable="false" sap:sortable="false" sap:filterable="false"/>
<Property Name="EQUNR" Type="Edm.String" Nullable="false" MaxLength="30" sap:unicode="false" sap:label="Equipment No" sap:creatable="false" sap:updatable="false" sap:sortable="false" sap:filterable="false"/>
</EntityType>
<EntityType Name="PVDocs" sap:content-version="1">
<Key>
<PropertyRef Name="REQPV"/>
</Key>
<Property Name="REQPV" Type="Edm.String" Nullable="false" MaxLength="10" sap:unicode="false" sap:creatable="false" sap:updatable="false" sap:sortable="false" sap:filterable="false"/>
<Property Name="EDATE" Type="Edm.DateTime" Precision="0" sap:unicode="false" sap:creatable="false" sap:updatable="false" sap:sortable="false" sap:filterable="false"/>
<Property Name="EUSER" Type="Edm.String" Nullable="false" MaxLength="12" sap:unicode="false" sap:creatable="false" sap:updatable="false" sap:sortable="false" sap:filterable="false"/>
<Property Name="STATUS" Type="Edm.String" Nullable="false" MaxLength="50" sap:unicode="false" sap:creatable="false" sap:updatable="false" sap:sortable="false" sap:filterable="false"/>
<Property Name="REJCOMMENTS" Type="Edm.String" Nullable="false" MaxLength="200" sap:unicode="false" sap:creatable="false" sap:updatable="false" sap:sortable="false" sap:filterable="false"/>
<Property Name="REJUSER" Type="Edm.String" Nullable="false" MaxLength="12" sap:unicode="false" sap:creatable="false" sap:updatable="false" sap:sortable="false" sap:filterable="false"/>
<Property Name="REQCOMMENTS" Type="Edm.String" Nullable="false" MaxLength="200" sap:unicode="false" sap:creatable="false" sap:updatable="false" sap:sortable="false" sap:filterable="false"/>
<Property Name="DUEDATE" Type="Edm.DateTime" Precision="0" sap:unicode="false" sap:creatable="false" sap:updatable="false" sap:sortable="false" sap:filterable="false"/>
<NavigationProperty Name="PVDocProcUsers" Relationship="ZTM_MANAGE_VEHICLE_REQ_SRV.PVDocs_Procusers" FromRole="FromRole_PVDocs_Procusers" ToRole="ToRole_PVDocs_Procusers"/>
<NavigationProperty Name="PVRelHist" Relationship="ZTM_MANAGE_VEHICLE_REQ_SRV.PVDocs_RelHist" FromRole="FromRole_PVDocs_RelHist" ToRole="ToRole_PVDocs_RelHist"/>
<NavigationProperty Name="PVDocItems" Relationship="ZTM_MANAGE_VEHICLE_REQ_SRV.PVDocs_Items" FromRole="FromRole_PVDocs_Items" ToRole="ToRole_PVDocs_Items"/>
</EntityType>
<EntityType Name="PVDocItems" sap:content-version="1">
<Key>
<PropertyRef Name="REQPV"/>
<PropertyRef Name="BUKRS"/>
<PropertyRef Name="ANLN1"/>
<PropertyRef Name="ANLN2"/>
<PropertyRef Name="MENGE"/>
</Key>
<Property Name="REQPV" Type="Edm.String" Nullable="false" MaxLength="10" sap:unicode="false" sap:creatable="false" sap:updatable="false" sap:sortable="false" sap:filterable="false"/>
<Property Name="BUKRS" Type="Edm.String" Nullable="false" MaxLength="4" sap:unicode="false" sap:label="Company Code" sap:creatable="false" sap:updatable="false"/>
<Property Name="ANLN1" Type="Edm.String" Nullable="false" MaxLength="12" sap:unicode="false" sap:label="Asset Number" sap:creatable="false" sap:updatable="false"/>
<Property Name="ANLN2" Type="Edm.String" Nullable="false" MaxLength="4" sap:unicode="false" sap:label="Sub Asset Number" sap:creatable="false" sap:updatable="false"/>
<Property Name="MENGE" Type="Edm.Int32" Nullable="false" sap:unicode="false" sap:label="Qty Serial" sap:creatable="false" sap:updatable="false"/>
<Property Name="STATUS" Type="Edm.String" Nullable="false" MaxLength="50" sap:unicode="false" sap:creatable="false" sap:updatable="false" sap:sortable="false" sap:filterable="false"/>
<Property Name="PERCOMMENTS" Type="Edm.String" Nullable="false" MaxLength="200" sap:unicode="false" sap:creatable="false" sap:updatable="false" sap:sortable="false" sap:filterable="false"/>
<Property Name="PERMANREASON" Type="Edm.String" Nullable="false" MaxLength="200" sap:unicode="false" sap:creatable="false" sap:updatable="false" sap:sortable="false" sap:filterable="false"/>
<Property Name="PERUSER" Type="Edm.String" Nullable="false" MaxLength="12" sap:unicode="false" sap:creatable="false" sap:updatable="false" sap:sortable="false" sap:filterable="false"/>
<Property Name="PERDATE" Type="Edm.DateTime" Precision="0" sap:unicode="false" sap:creatable="false" sap:updatable="false" sap:filterable="false"/>
<Property Name="ARESULT" Type="Edm.String" Nullable="false" MaxLength="50" sap:unicode="false" sap:creatable="false" sap:updatable="false" sap:sortable="false" sap:filterable="false"/>
<Property Name="TXT50" Type="Edm.String" Nullable="false" MaxLength="50" sap:unicode="false" sap:creatable="false" sap:updatable="false" sap:sortable="false" sap:filterable="false"/>
<Property Name="WERKS" Type="Edm.String" Nullable="false" MaxLength="4" sap:unicode="false" sap:creatable="false" sap:updatable="false" sap:sortable="false" sap:filterable="false"/>
</EntityType>
<EntityType Name="PVDocProcUsers" sap:content-version="1">
<Key>
<PropertyRef Name="Reqpv"/>
<PropertyRef Name="Email"/>
</Key>
<Property Name="Reqpv" Type="Edm.String" Nullable="false" MaxLength="10" sap:unicode="false" sap:label="nstallation Request" sap:creatable="false" sap:updatable="false" sap:sortable="false" sap:filterable="false"/>
<Property Name="Email" Type="Edm.String" Nullable="false" MaxLength="241" sap:unicode="false" sap:label="E-Mail Address" sap:creatable="false" sap:updatable="false" sap:sortable="false" sap:filterable="false"/>
<Property Name="Userid" Type="Edm.String" Nullable="false" MaxLength="12" sap:unicode="false" sap:label="User Name" sap:creatable="false" sap:updatable="false" sap:sortable="false" sap:filterable="false"/>
<Property Name="Uname" Type="Edm.String" Nullable="false" MaxLength="30" sap:unicode="false" sap:label="Name 1" sap:creatable="false" sap:updatable="false" sap:sortable="false" sap:filterable="false"/>
</EntityType>
<EntityType Name="AssetPVDetails" sap:content-version="1">
<Key>
<PropertyRef Name="Bukrs"/>
<PropertyRef Name="Anln1"/>
<PropertyRef Name="Anln2"/>
<PropertyRef Name="Menge"/>
</Key>
<Property Name="Reqpv" Type="Edm.String" Nullable="false" MaxLength="10" sap:unicode="false" sap:label="Physical Verificatio" sap:creatable="false" sap:updatable="false" sap:sortable="false" sap:filterable="false"/>
<Property Name="Werks" Type="Edm.String" Nullable="false" MaxLength="4" sap:unicode="false" sap:label="Plant" sap:creatable="false" sap:updatable="false" sap:sortable="false" sap:filterable="false"/>
<Property Name="Bukrs" Type="Edm.String" Nullable="false" MaxLength="4" sap:unicode="false" sap:label="Company Code" sap:creatable="false" sap:updatable="false" sap:sortable="false" sap:filterable="false"/>
<Property Name="Duedate" Type="Edm.DateTime" Precision="7" sap:unicode="false" sap:label="Date" sap:creatable="false" sap:updatable="false" sap:sortable="false" sap:filterable="false"/>
<Property Name="Anln1" Type="Edm.String" Nullable="false" MaxLength="12" sap:unicode="false" sap:label="Asset" sap:creatable="false" sap:updatable="false" sap:sortable="false" sap:filterable="false"/>
<Property Name="Aresult" Type="Edm.String" Nullable="false" MaxLength="50" sap:unicode="false" sap:label="Name" sap:creatable="false" sap:updatable="false" sap:sortable="false" sap:filterable="false"/>
<Property Name="Anln2" Type="Edm.String" Nullable="false" MaxLength="4" sap:unicode="false" sap:label="Sub-number" sap:creatable="false" sap:updatable="false" sap:sortable="false" sap:filterable="false"/>
<Property Name="Menge" Type="Edm.Int32" Nullable="false" sap:unicode="false" sap:label="Number" sap:creatable="false" sap:updatable="false" sap:sortable="false" sap:filterable="false"/>
<Property Name="Status" Type="Edm.String" Nullable="false" MaxLength="50" sap:unicode="false" sap:label="Name" sap:creatable="false" sap:updatable="false" sap:sortable="false" sap:filterable="false"/>
<Property Name="Euser" Type="Edm.String" Nullable="false" MaxLength="12" sap:unicode="false" sap:label="Created By" sap:creatable="false" sap:updatable="false" sap:sortable="false" sap:filterable="false"/>
<Property Name="Edate" Type="Edm.DateTime" Precision="7" sap:unicode="false" sap:label="Created On" sap:creatable="false" sap:updatable="false" sap:sortable="false" sap:filterable="false"/>
<Property Name="Etime" Type="Edm.Time" Precision="0" sap:unicode="false" sap:label="Time" sap:creatable="false" sap:updatable="false" sap:sortable="false" sap:filterable="false"/>
<Property Name="Reqcomments" Type="Edm.String" Nullable="false" MaxLength="200" sap:unicode="false" sap:label="Text (200 char)" sap:creatable="false" sap:updatable="false" sap:sortable="false" sap:filterable="false"/>
<Property Name="Alevel" Type="Edm.Int16" Nullable="false" sap:unicode="false" sap:label="Level" sap:creatable="false" sap:updatable="false" sap:sortable="false" sap:filterable="false"/>
<Property Name="Rejcomments" Type="Edm.String" Nullable="false" MaxLength="200" sap:unicode="false" sap:label="Text (200 char)" sap:creatable="false" sap:updatable="false" sap:sortable="false" sap:filterable="false"/>
<Property Name="Rejuser" Type="Edm.String" MaxLength="12" sap:unicode="false" sap:label="User Name" sap:creatable="false" sap:updatable="false" sap:sortable="false" sap:filterable="false"/>
<Property Name="Percomments" Type="Edm.String" MaxLength="200" sap:unicode="false" sap:label="Text (200 char)" sap:creatable="false" sap:updatable="false" sap:sortable="false" sap:filterable="false"/>
<Property Name="Peruser" Type="Edm.String" MaxLength="12" sap:unicode="false" sap:label="User Name" sap:creatable="false" sap:updatable="false" sap:sortable="false" sap:filterable="false"/>
<Property Name="Perdate" Type="Edm.DateTime" Precision="7" sap:unicode="false" sap:label="Date" sap:creatable="false" sap:updatable="false" sap:sortable="false" sap:filterable="false"/>
<Property Name="Pertime" Type="Edm.Time" Nullable="false" Precision="0" sap:unicode="false" sap:label="Time" sap:creatable="false" sap:updatable="false" sap:sortable="false" sap:filterable="false"/>
<Property Name="Permanreason" Type="Edm.String" Nullable="false" MaxLength="200" sap:unicode="false" sap:label="Text (200 char)" sap:creatable="false" sap:updatable="false" sap:sortable="false" sap:filterable="false"/>
</EntityType>
<EntityType Name="InstallationRequests" sap:content-version="1">
<Key>
<PropertyRef Name="Reqin"/>
<PropertyRef Name="Bukrs"/>
<PropertyRef Name="Anln1"/>
<PropertyRef Name="Anln2"/>
<PropertyRef Name="Menge"/>
</Key>
<Property Name="Reqin" Type="Edm.String" Nullable="false" MaxLength="10" sap:unicode="false" sap:label="nstallation Request" sap:creatable="false" sap:updatable="false" sap:sortable="false" sap:filterable="false"/>
<Property Name="Bukrs" Type="Edm.String" Nullable="false" MaxLength="4" sap:unicode="false" sap:label="Company Code" sap:creatable="false" sap:updatable="false" sap:sortable="false" sap:filterable="false"/>
<Property Name="Anln1" Type="Edm.String" Nullable="false" MaxLength="12" sap:unicode="false" sap:label="Asset" sap:creatable="false" sap:updatable="false" sap:sortable="false" sap:filterable="false"/>
<Property Name="Anln2" Type="Edm.String" Nullable="false" MaxLength="4" sap:unicode="false" sap:label="Sub-number" sap:creatable="false" sap:updatable="false" sap:sortable="false" sap:filterable="false"/>
<Property Name="Menge" Type="Edm.Int32" Nullable="false" sap:unicode="false" sap:label="Number" sap:creatable="false" sap:updatable="false" sap:sortable="false" sap:filterable="false"/>
<Property Name="Status" Type="Edm.String" Nullable="false" MaxLength="50" sap:unicode="false" sap:label="Name" sap:creatable="false" sap:updatable="false" sap:sortable="false" sap:filterable="false"/>
<Property Name="Euser" Type="Edm.String" Nullable="false" MaxLength="12" sap:unicode="false" sap:label="Created By" sap:creatable="false" sap:updatable="false" sap:sortable="false" sap:filterable="false"/>
<Property Name="Edate" Type="Edm.DateTime" Precision="7" sap:unicode="false" sap:label="Created On" sap:creatable="false" sap:updatable="false" sap:sortable="false" sap:filterable="false"/>
<Property Name="Etime" Type="Edm.Time" Nullable="false" Precision="0" sap:unicode="false" sap:label="Created Time" sap:creatable="false" sap:updatable="false" sap:sortable="false" sap:filterable="false"/>
<Property Name="Reqcomments" Type="Edm.String" Nullable="false" MaxLength="200" sap:unicode="false" sap:label="Text (200 char)" sap:creatable="false" sap:updatable="false" sap:sortable="false" sap:filterable="false"/>
<Property Name="Taggable" Type="Edm.String" Nullable="false" MaxLength="20" sap:unicode="false" sap:label="Taggable" sap:creatable="false" sap:updatable="false" sap:sortable="false" sap:filterable="false"/>
<Property Name="Processedby" Type="Edm.String" Nullable="false" MaxLength="12" sap:unicode="false" sap:label="Processed By" sap:creatable="false" sap:updatable="false" sap:sortable="false" sap:filterable="false"/>
<Property Name="Processedon" Type="Edm.DateTime" Precision="7" sap:unicode="false" sap:label="Processed On" sap:creatable="false" sap:updatable="false" sap:sortable="false" sap:filterable="false"/>
<Property Name="Processedat" Type="Edm.Time" Nullable="false" Precision="0" sap:unicode="false" sap:label="Processed At" sap:creatable="false" sap:updatable="false" sap:sortable="false" sap:filterable="false"/>
<Property Name="Procescomments" Type="Edm.String" Nullable="false" MaxLength="100" sap:unicode="false" sap:label="Processor Comments" sap:creatable="false" sap:updatable="false" sap:sortable="false" sap:filterable="false"/>
<Property Name="Confirmedby" Type="Edm.String" Nullable="false" MaxLength="12" sap:unicode="false" sap:label="Confirmed By" sap:creatable="false" sap:updatable="false" sap:sortable="false" sap:filterable="false"/>
<Property Name="Confirmedon" Type="Edm.DateTime" Precision="7" sap:unicode="false" sap:label="Confirmed On" sap:creatable="false" sap:updatable="false" sap:filterable="false"/>
<Property Name="Confirmedat" Type="Edm.Time" Nullable="false" Precision="0" sap:unicode="false" sap:label="Confirmed At" sap:creatable="false" sap:updatable="false" sap:sortable="false" sap:filterable="false"/>
<Property Name="Confirmcomments" Type="Edm.String" Nullable="false" MaxLength="100" sap:unicode="false" sap:label="Confirm Comments" sap:creatable="false" sap:updatable="false" sap:sortable="false" sap:filterable="false"/>
</EntityType>
<EntityType Name="CompanyHelp" sap:content-version="1">
<Key>
<PropertyRef Name="Bukrs"/>
</Key>
<Property Name="Bukrs" Type="Edm.String" Nullable="false" MaxLength="4" sap:unicode="false" sap:creatable="false" sap:updatable="false" sap:sortable="false" sap:filterable="false"/>
<Property Name="Name1" Type="Edm.String" Nullable="false" MaxLength="50" sap:unicode="false" sap:creatable="false" sap:updatable="false" sap:sortable="false" sap:filterable="false"/>
</EntityType>
<EntityType Name="PlantHelp" sap:content-version="1">
<Key>
<PropertyRef Name="Werks"/>
</Key>
<Property Name="Werks" Type="Edm.String" Nullable="false" MaxLength="4" sap:unicode="false" sap:creatable="false" sap:updatable="false" sap:sortable="false" sap:filterable="false"/>
<Property Name="Name1" Type="Edm.String" Nullable="false" MaxLength="50" sap:unicode="false" sap:creatable="false" sap:updatable="false" sap:sortable="false" sap:filterable="false"/>
<Property Name="BUKRS" Type="Edm.String" Nullable="false" MaxLength="4" sap:unicode="false" sap:label="Company Code" sap:creatable="false" sap:updatable="false"/>
</EntityType>
<EntityType Name="CostCenterHelp" sap:content-version="1">
<Key>
<PropertyRef Name="Kostl"/>
</Key>
<Property Name="Kostl" Type="Edm.String" Nullable="false" MaxLength="10" sap:unicode="false" sap:creatable="false" sap:updatable="false" sap:sortable="false" sap:filterable="false"/>
<Property Name="Name1" Type="Edm.String" Nullable="false" MaxLength="50" sap:unicode="false" sap:creatable="false" sap:updatable="false" sap:sortable="false" sap:filterable="false"/>
<Property Name="BUKRS" Type="Edm.String" Nullable="false" MaxLength="4" sap:unicode="false" sap:label="Company Code" sap:creatable="false" sap:updatable="false"/>
</EntityType>
<EntityType Name="PVHeader" sap:content-version="1">
<Key>
<PropertyRef Name="Action"/>
</Key>
<Property Name="Action" Type="Edm.String" Nullable="false" MaxLength="50" sap:unicode="false" sap:creatable="false" sap:updatable="false" sap:sortable="false" sap:filterable="false"/>
<Property Name="MSG" Type="Edm.String" Nullable="false" MaxLength="200" sap:unicode="false" sap:creatable="false" sap:updatable="false" sap:sortable="false" sap:filterable="false"/>
<Property Name="COMMENTS" Type="Edm.String" Nullable="false" MaxLength="200" sap:unicode="false" sap:creatable="false" sap:updatable="false" sap:sortable="false" sap:filterable="false"/>
<NavigationProperty Name="PVDocs" Relationship="ZTM_MANAGE_VEHICLE_REQ_SRV.PVHeader_Docs" FromRole="FromRole_PVHeader_Docs" ToRole="ToRole_PVHeader_Docs"/>
</EntityType>
<EntityType Name="PVRelHist" sap:content-version="1">
<Key>
<PropertyRef Name="Reqpv"/>
<PropertyRef Name="Alevel"/>
</Key>
<Property Name="Reqpv" Type="Edm.String" Nullable="false" MaxLength="10" sap:unicode="false" sap:label="nstallation Request" sap:creatable="false" sap:updatable="false" sap:sortable="false" sap:filterable="false"/>
<Property Name="Alevel" Type="Edm.Int16" Nullable="false" sap:unicode="false" sap:label="Level" sap:creatable="false" sap:updatable="false" sap:sortable="false" sap:filterable="false"/>
<Property Name="Email" Type="Edm.String" Nullable="false" MaxLength="241" sap:unicode="false" sap:label="E-Mail Address" sap:creatable="false" sap:updatable="false" sap:sortable="false" sap:filterable="false"/>
<Property Name="Uname" Type="Edm.String" Nullable="false" MaxLength="12" sap:unicode="false" sap:label="User Name" sap:creatable="false" sap:updatable="false" sap:sortable="false" sap:filterable="false"/>
<Property Name="Name1" Type="Edm.String" Nullable="false" MaxLength="30" sap:unicode="false" sap:label="Name 1" sap:creatable="false" sap:updatable="false" sap:sortable="false" sap:filterable="false"/>
<Property Name="Comments" Type="Edm.String" Nullable="false" MaxLength="200" sap:unicode="false" sap:label="Text (200 char)" sap:creatable="false" sap:updatable="false" sap:sortable="false" sap:filterable="false"/>
<Property Name="Decision" Type="Edm.String" Nullable="false" MaxLength="50" sap:unicode="false" sap:label="Name" sap:creatable="false" sap:updatable="false" sap:sortable="false" sap:filterable="false"/>
<Property Name="Final" Type="Edm.String" Nullable="false" MaxLength="1" sap:unicode="false" sap:label="Single-Character Flag" sap:creatable="false" sap:updatable="false" sap:sortable="false" sap:filterable="false"/>
<Property Name="Edate" Type="Edm.DateTime" Precision="7" sap:unicode="false" sap:label="To date" sap:creatable="false" sap:updatable="false" sap:sortable="false" sap:filterable="false"/>
<Property Name="Etime" Type="Edm.String" Nullable="false" MaxLength="6" sap:unicode="false" sap:label="Quantity" sap:creatable="false" sap:updatable="false" sap:sortable="false" sap:filterable="false"/>
</EntityType>
<EntityType Name="DispHeader" sap:content-version="1">
<Key>
<PropertyRef Name="Action"/>
</Key>
<Property Name="Action" Type="Edm.String" Nullable="false" MaxLength="50" sap:unicode="false" sap:creatable="false" sap:updatable="false" sap:sortable="false" sap:filterable="false"/>
<Property Name="MSG" Type="Edm.String" Nullable="false" MaxLength="200" sap:unicode="false" sap:creatable="false" sap:updatable="false" sap:sortable="false" sap:filterable="false"/>
<Property Name="COMMENTS" Type="Edm.String" Nullable="false" MaxLength="200" sap:unicode="false" sap:creatable="false" sap:updatable="false" sap:sortable="false" sap:filterable="false"/>
<NavigationProperty Name="DispDocs" Relationship="ZTM_MANAGE_VEHICLE_REQ_SRV.DispHeader_Docs" FromRole="FromRole_DispHeader_Docs" ToRole="ToRole_DispHeader_Docs"/>
</EntityType>
<EntityType Name="DispDocs" sap:content-version="1">
<Key>
<PropertyRef Name="REQDISP"/>
</Key>
<Property Name="REQDISP" Type="Edm.String" Nullable="false" MaxLength="10" sap:unicode="false" sap:creatable="false" sap:updatable="false" sap:sortable="false" sap:filterable="false"/>
<Property Name="EDATE" Type="Edm.DateTime" Precision="0" sap:unicode="false" sap:creatable="false" sap:updatable="false" sap:sortable="false" sap:filterable="false"/>
<Property Name="EUSER" Type="Edm.String" Nullable="false" MaxLength="12" sap:unicode="false" sap:creatable="false" sap:updatable="false" sap:sortable="false" sap:filterable="false"/>
<Property Name="STATUS" Type="Edm.String" Nullable="false" MaxLength="50" sap:unicode="false" sap:creatable="false" sap:updatable="false" sap:sortable="false" sap:filterable="false"/>
<Property Name="REJCOMMENTS" Type="Edm.String" Nullable="false" MaxLength="200" sap:unicode="false" sap:creatable="false" sap:updatable="false" sap:sortable="false" sap:filterable="false"/>
<Property Name="REJUSER" Type="Edm.String" Nullable="false" MaxLength="12" sap:unicode="false" sap:creatable="false" sap:updatable="false" sap:sortable="false" sap:filterable="false"/>
<Property Name="REQCOMMENTS" Type="Edm.String" Nullable="false" MaxLength="200" sap:unicode="false" sap:creatable="false" sap:updatable="false" sap:sortable="false" sap:filterable="false"/>
<Property Name="TYPE" Type="Edm.String" Nullable="false" MaxLength="50" sap:unicode="false" sap:creatable="false" sap:updatable="false" sap:sortable="false" sap:filterable="false"/>
<Property Name="REASON" Type="Edm.String" Nullable="false" MaxLength="200" sap:unicode="false" sap:creatable="false" sap:updatable="false" sap:sortable="false" sap:filterable="false"/>
<Property Name="CHKOTHERLOC" Type="Edm.String" Nullable="false" MaxLength="1" sap:unicode="false" sap:creatable="false" sap:updatable="false" sap:sortable="false" sap:filterable="false"/>
<Property Name="CHKSCRAP" Type="Edm.String" Nullable="false" MaxLength="1" sap:unicode="false" sap:creatable="false" sap:updatable="false" sap:sortable="false" sap:filterable="false"/>
<Property Name="CHKREPLACE" Type="Edm.String" Nullable="false" MaxLength="1" sap:unicode="false" sap:creatable="false" sap:updatable="false" sap:sortable="false" sap:filterable="false"/>
<Property Name="CHKTECHOBSO" Type="Edm.String" Nullable="false" MaxLength="1" sap:unicode="false" sap:creatable="false" sap:updatable="false" sap:sortable="false" sap:filterable="false"/>
<Property Name="OTHLOCNAME" Type="Edm.String" Nullable="false" MaxLength="50" sap:unicode="false" sap:creatable="false" sap:updatable="false" sap:sortable="false" sap:filterable="false"/>
<Property Name="TRANSFERDEP" Type="Edm.String" Nullable="false" MaxLength="50" sap:unicode="false" sap:creatable="false" sap:updatable="false" sap:sortable="false" sap:filterable="false"/>
<Property Name="TRANSFERDATE" Type="Edm.DateTime" Precision="0" sap:unicode="false" sap:creatable="false" sap:updatable="false" sap:sortable="false" sap:filterable="false"/>
<NavigationProperty Name="DispRelHist" Relationship="ZTM_MANAGE_VEHICLE_REQ_SRV.DispDocs_RelHist" FromRole="FromRole_DispDocs_RelHist" ToRole="ToRole_DispDocs_RelHist"/>
<NavigationProperty Name="DispDocItems" Relationship="ZTM_MANAGE_VEHICLE_REQ_SRV.DispDocs_Items" FromRole="FromRole_DispDocs_Items" ToRole="ToRole_DispDocs_Items"/>
</EntityType>
<EntityType Name="DispRelHist" sap:content-version="1">
<Key>
<PropertyRef Name="Reqdisp"/>
<PropertyRef Name="Alevel"/>
<PropertyRef Name="Email"/>
</Key>
<Property Name="Reqdisp" Type="Edm.String" Nullable="false" MaxLength="10" sap:unicode="false" sap:label="Disposal Form Number" sap:creatable="false" sap:updatable="false" sap:sortable="false" sap:filterable="false"/>
<Property Name="Alevel" Type="Edm.Int16" Nullable="false" sap:unicode="false" sap:label="Level" sap:creatable="false" sap:updatable="false" sap:sortable="false" sap:filterable="false"/>
<Property Name="Email" Type="Edm.String" Nullable="false" MaxLength="241" sap:unicode="false" sap:label="E-Mail Address" sap:creatable="false" sap:updatable="false" sap:sortable="false" sap:filterable="false"/>
<Property Name="Uname" Type="Edm.String" Nullable="false" MaxLength="12" sap:unicode="false" sap:label="User Name" sap:creatable="false" sap:updatable="false" sap:sortable="false" sap:filterable="false"/>
<Property Name="Name1" Type="Edm.String" Nullable="false" MaxLength="30" sap:unicode="false" sap:label="Name 1" sap:creatable="false" sap:updatable="false" sap:sortable="false" sap:filterable="false"/>
<Property Name="Comments" Type="Edm.String" Nullable="false" MaxLength="200" sap:unicode="false" sap:label="Text (200 char)" sap:creatable="false" sap:updatable="false" sap:sortable="false" sap:filterable="false"/>
<Property Name="Decision" Type="Edm.String" Nullable="false" MaxLength="50" sap:unicode="false" sap:label="Name" sap:creatable="false" sap:updatable="false" sap:sortable="false" sap:filterable="false"/>
<Property Name="Final" Type="Edm.String" Nullable="false" MaxLength="1" sap:unicode="false" sap:label="Single-Character Flag" sap:creatable="false" sap:updatable="false" sap:sortable="false" sap:filterable="false"/>
<Property Name="Edate" Type="Edm.DateTime" Precision="7" sap:unicode="false" sap:label="To date" sap:creatable="false" sap:updatable="false" sap:sortable="false" sap:filterable="false"/>
<Property Name="Etime" Type="Edm.String" Nullable="false" MaxLength="6" sap:unicode="false" sap:label="Quantity" sap:creatable="false" sap:updatable="false" sap:sortable="false" sap:filterable="false"/>
</EntityType>
<EntityType Name="DispItems" sap:content-version="1">
<Key>
<PropertyRef Name="REQDISP"/>
<PropertyRef Name="BUKRS"/>
<PropertyRef Name="ANLN1"/>
<PropertyRef Name="ANLN2"/>
<PropertyRef Name="MENGE"/>
</Key>
<Property Name="REQDISP" Type="Edm.String" Nullable="false" MaxLength="10" sap:unicode="false" sap:creatable="false" sap:updatable="false" sap:sortable="false" sap:filterable="false"/>
<Property Name="BUKRS" Type="Edm.String" Nullable="false" MaxLength="4" sap:unicode="false" sap:label="Company Code" sap:creatable="false" sap:updatable="false"/>
<Property Name="ANLN1" Type="Edm.String" Nullable="false" MaxLength="12" sap:unicode="false" sap:label="Asset Number" sap:creatable="false" sap:updatable="false"/>
<Property Name="ANLN2" Type="Edm.String" Nullable="false" MaxLength="4" sap:unicode="false" sap:label="Sub Asset Number" sap:creatable="false" sap:updatable="false"/>
<Property Name="MENGE" Type="Edm.Int32" Nullable="false" sap:unicode="false" sap:label="Qty Serial" sap:creatable="false" sap:updatable="false"/>
<Property Name="STATUS" Type="Edm.String" Nullable="false" MaxLength="50" sap:unicode="false" sap:creatable="false" sap:updatable="false" sap:sortable="false" sap:filterable="false"/>
<Property Name="PERCOMMENTS" Type="Edm.String" Nullable="false" MaxLength="200" sap:unicode="false" sap:creatable="false" sap:updatable="false" sap:sortable="false" sap:filterable="false"/>
<Property Name="PERMANREASON" Type="Edm.String" Nullable="false" MaxLength="200" sap:unicode="false" sap:creatable="false" sap:updatable="false" sap:sortable="false" sap:filterable="false"/>
<Property Name="PERUSER" Type="Edm.String" Nullable="false" MaxLength="12" sap:unicode="false" sap:creatable="false" sap:updatable="false" sap:sortable="false" sap:filterable="false"/>
<Property Name="PERDATE" Type="Edm.DateTime" Precision="0" sap:unicode="false" sap:creatable="false" sap:updatable="false" sap:filterable="false"/>
<Property Name="TXT50" Type="Edm.String" Nullable="false" MaxLength="50" sap:unicode="false" sap:creatable="false" sap:updatable="false" sap:sortable="false" sap:filterable="false"/>
<Property Name="WERKS" Type="Edm.String" Nullable="false" MaxLength="4" sap:unicode="false" sap:creatable="false" sap:updatable="false" sap:sortable="false" sap:filterable="false"/>
</EntityType>
<EntityType Name="AssetDispDetails" sap:content-version="1">
<Key>
<PropertyRef Name="Reqdisp"/>
<PropertyRef Name="Bukrs"/>
<PropertyRef Name="Anln1"/>
<PropertyRef Name="Anln2"/>
<PropertyRef Name="Menge"/>
</Key>
<Property Name="Reqdisp" Type="Edm.String" Nullable="false" MaxLength="10" sap:unicode="false" sap:label="Disposal Form Number" sap:creatable="false" sap:updatable="false" sap:sortable="false" sap:filterable="false"/>
<Property Name="Bukrs" Type="Edm.String" Nullable="false" MaxLength="4" sap:unicode="false" sap:label="Company Code" sap:creatable="false" sap:updatable="false" sap:sortable="false" sap:filterable="false"/>
<Property Name="Anln1" Type="Edm.String" Nullable="false" MaxLength="12" sap:unicode="false" sap:label="Asset" sap:creatable="false" sap:updatable="false" sap:sortable="false" sap:filterable="false"/>
<Property Name="Anln2" Type="Edm.String" Nullable="false" MaxLength="4" sap:unicode="false" sap:label="Sub-number" sap:creatable="false" sap:updatable="false" sap:sortable="false" sap:filterable="false"/>
<Property Name="Menge" Type="Edm.Int32" Nullable="false" sap:unicode="false" sap:label="Number" sap:creatable="false" sap:updatable="false" sap:sortable="false" sap:filterable="false"/>
<Property Name="Status" Type="Edm.String" Nullable="false" MaxLength="50" sap:unicode="false" sap:label="Name" sap:creatable="false" sap:updatable="false" sap:sortable="false" sap:filterable="false"/>
<Property Name="Euser" Type="Edm.String" Nullable="false" MaxLength="12" sap:unicode="false" sap:label="Created By" sap:creatable="false" sap:updatable="false" sap:sortable="false" sap:filterable="false"/>
<Property Name="Edate" Type="Edm.DateTime" Precision="7" sap:unicode="false" sap:label="Created On" sap:creatable="false" sap:updatable="false" sap:sortable="false" sap:filterable="false"/>
<Property Name="Etime" Type="Edm.Time" Nullable="false" Precision="0" sap:unicode="false" sap:label="Time" sap:creatable="false" sap:updatable="false" sap:sortable="false" sap:filterable="false"/>
<Property Name="Reqcomments" Type="Edm.String" Nullable="false" MaxLength="200" sap:unicode="false" sap:label="Text (200 char)" sap:creatable="false" sap:updatable="false" sap:sortable="false" sap:filterable="false"/>
<Property Name="Alevel" Type="Edm.Int16" Nullable="false" sap:unicode="false" sap:label="Level" sap:creatable="false" sap:updatable="false" sap:sortable="false" sap:filterable="false"/>
<Property Name="Rejcomments" Type="Edm.String" Nullable="false" MaxLength="200" sap:unicode="false" sap:label="Text (200 char)" sap:creatable="false" sap:updatable="false" sap:sortable="false" sap:filterable="false"/>
<Property Name="Rejuser" Type="Edm.String" Nullable="false" MaxLength="12" sap:unicode="false" sap:label="User Name" sap:creatable="false" sap:updatable="false" sap:sortable="false" sap:filterable="false"/>
<Property Name="Percomments" Type="Edm.String" Nullable="false" MaxLength="200" sap:unicode="false" sap:label="Text (200 char)" sap:creatable="false" sap:updatable="false" sap:sortable="false" sap:filterable="false"/>
<Property Name="Peruser" Type="Edm.String" Nullable="false" MaxLength="12" sap:unicode="false" sap:label="User Name" sap:creatable="false" sap:updatable="false" sap:sortable="false" sap:filterable="false"/>
<Property Name="Perdate" Type="Edm.DateTime" Precision="7" sap:unicode="false" sap:label="Date" sap:creatable="false" sap:updatable="false" sap:sortable="false" sap:filterable="false"/>
<Property Name="Pertime" Type="Edm.Time" Nullable="false" Precision="0" sap:unicode="false" sap:label="Time" sap:creatable="false" sap:updatable="false" sap:sortable="false" sap:filterable="false"/>
<Property Name="Permanreason" Type="Edm.String" Nullable="false" MaxLength="200" sap:unicode="false" sap:label="Text (200 char)" sap:creatable="false" sap:updatable="false" sap:sortable="false" sap:filterable="false"/>
</EntityType>
<Association Name="DispDocs_RelHist" sap:content-version="1">
<End Type="ZTM_MANAGE_VEHICLE_REQ_SRV.DispDocs" Multiplicity="*" Role="FromRole_DispDocs_RelHist"/>
<End Type="ZTM_MANAGE_VEHICLE_REQ_SRV.DispRelHist" Multiplicity="*" Role="ToRole_DispDocs_RelHist"/>
</Association>
<Association Name="DispDocs_Items" sap:content-version="1">
<End Type="ZTM_MANAGE_VEHICLE_REQ_SRV.DispDocs" Multiplicity="*" Role="FromRole_DispDocs_Items"/>
<End Type="ZTM_MANAGE_VEHICLE_REQ_SRV.DispItems" Multiplicity="*" Role="ToRole_DispDocs_Items"/>
</Association>
<Association Name="PVHeader_Docs" sap:content-version="1">
<End Type="ZTM_MANAGE_VEHICLE_REQ_SRV.PVHeader" Multiplicity="*" Role="FromRole_PVHeader_Docs"/>
<End Type="ZTM_MANAGE_VEHICLE_REQ_SRV.PVDocs" Multiplicity="*" Role="ToRole_PVHeader_Docs"/>
</Association>
<Association Name="DispHeader_Docs" sap:content-version="1">
<End Type="ZTM_MANAGE_VEHICLE_REQ_SRV.DispHeader" Multiplicity="*" Role="FromRole_DispHeader_Docs"/>
<End Type="ZTM_MANAGE_VEHICLE_REQ_SRV.DispDocs" Multiplicity="*" Role="ToRole_DispHeader_Docs"/>
</Association>
<Association Name="PVDocs_Procusers" sap:content-version="1">
<End Type="ZTM_MANAGE_VEHICLE_REQ_SRV.PVDocs" Multiplicity="*" Role="FromRole_PVDocs_Procusers"/>
<End Type="ZTM_MANAGE_VEHICLE_REQ_SRV.PVDocProcUsers" Multiplicity="*" Role="ToRole_PVDocs_Procusers"/>
</Association>
<Association Name="PVDocs_Items" sap:content-version="1">
<End Type="ZTM_MANAGE_VEHICLE_REQ_SRV.PVDocs" Multiplicity="*" Role="FromRole_PVDocs_Items"/>
<End Type="ZTM_MANAGE_VEHICLE_REQ_SRV.PVDocItems" Multiplicity="*" Role="ToRole_PVDocs_Items"/>
</Association>
<Association Name="PVDocs_RelHist" sap:content-version="1">
<End Type="ZTM_MANAGE_VEHICLE_REQ_SRV.PVDocs" Multiplicity="*" Role="FromRole_PVDocs_RelHist"/>
<End Type="ZTM_MANAGE_VEHICLE_REQ_SRV.PVRelHist" Multiplicity="*" Role="ToRole_PVDocs_RelHist"/>
</Association>
<Association Name="Header_AssetList" sap:content-version="1">
<End Type="ZTM_MANAGE_VEHICLE_REQ_SRV.Header" Multiplicity="*" Role="FromRole_Header_AssetList"/>
<End Type="ZTM_MANAGE_VEHICLE_REQ_SRV.AssetList" Multiplicity="*" Role="ToRole_Header_AssetList"/>
</Association>
<Association Name="Header_Emails" sap:content-version="1">
<End Type="ZTM_MANAGE_VEHICLE_REQ_SRV.Header" Multiplicity="*" Role="FromRole_Header_Emails"/>
<End Type="ZTM_MANAGE_VEHICLE_REQ_SRV.Emails" Multiplicity="*" Role="ToRole_Header_Emails"/>
</Association>
<Association Name="AssetItems_CollectionRequests" sap:content-version="1">
<End Type="ZTM_MANAGE_VEHICLE_REQ_SRV.AssetItems" Multiplicity="*" Role="FromRole_AssetItems_CollectionRequests"/>
<End Type="ZTM_MANAGE_VEHICLE_REQ_SRV.CollectionRequests" Multiplicity="*" Role="ToRole_AssetItems_CollectionRequests"/>
</Association>
<Association Name="AssetItems_Depreciations" sap:content-version="1">
<End Type="ZTM_MANAGE_VEHICLE_REQ_SRV.AssetItems" Multiplicity="*" Role="FromRole_AssetItems_Depreciations"/>
<End Type="ZTM_MANAGE_VEHICLE_REQ_SRV.Depreciations" Multiplicity="*" Role="ToRole_AssetItems_Depreciations"/>
</Association>
<Association Name="AssetItems_Equipments" sap:content-version="1">
<End Type="ZTM_MANAGE_VEHICLE_REQ_SRV.AssetItems" Multiplicity="*" Role="FromRole_AssetItems_Equipments"/>
<End Type="ZTM_MANAGE_VEHICLE_REQ_SRV.Equipments" Multiplicity="*" Role="ToRole_AssetItems_Equipments"/>
</Association>
<Association Name="AssetItems_AssetPVDetails" sap:content-version="1">
<End Type="ZTM_MANAGE_VEHICLE_REQ_SRV.AssetItems" Multiplicity="*" Role="FromRole_AssetItems_AssetPVDetails"/>
<End Type="ZTM_MANAGE_VEHICLE_REQ_SRV.AssetPVDetails" Multiplicity="*" Role="ToRole_AssetItems_AssetPVDetails"/>
</Association>
<Association Name="AssetItems_DispDetails" sap:content-version="1">
<End Type="ZTM_MANAGE_VEHICLE_REQ_SRV.AssetItems" Multiplicity="*" Role="FromRole_AssetItems_DispDetails"/>
<End Type="ZTM_MANAGE_VEHICLE_REQ_SRV.AssetDispDetails" Multiplicity="*" Role="ToRole_AssetItems_DispDetails"/>
</Association>
<Association Name="AssetItems_InstallationRequests" sap:content-version="1">
<End Type="ZTM_MANAGE_VEHICLE_REQ_SRV.AssetItems" Multiplicity="*" Role="FromRole_AssetItems_InstallationRequests"/>
<End Type="ZTM_MANAGE_VEHICLE_REQ_SRV.InstallationRequests" Multiplicity="*" Role="ToRole_AssetItems_InstallationRequests"/>
</Association>
<Association Name="AssetItems_Tags" sap:content-version="1">
<End Type="ZTM_MANAGE_VEHICLE_REQ_SRV.AssetItems" Multiplicity="*" Role="FromRole_AssetItems_Tags"/>
<End Type="ZTM_MANAGE_VEHICLE_REQ_SRV.Tags" Multiplicity="*" Role="ToRole_AssetItems_Tags"/>
</Association>
<EntityContainer Name="ZTM_MANAGE_VEHICLE_REQ_SRV_Entities" m:IsDefaultEntityContainer="true" sap:supported-formats="atom json xlsx">
<EntitySet Name="AssetList" EntityType="ZTM_MANAGE_VEHICLE_REQ_SRV.AssetList" sap:creatable="false" sap:updatable="false" sap:deletable="false" sap:pageable="false" sap:addressable="false" sap:content-version="1"/>
<EntitySet Name="VendorHelp" EntityType="ZTM_MANAGE_VEHICLE_REQ_SRV.VendorHelp" sap:creatable="false" sap:updatable="false" sap:deletable="false" sap:pageable="false" sap:addressable="false" sap:content-version="1"/>
<EntitySet Name="AssetClassHelp" EntityType="ZTM_MANAGE_VEHICLE_REQ_SRV.AssetClassHelp" sap:creatable="false" sap:updatable="false" sap:deletable="false" sap:pageable="false" sap:addressable="false" sap:content-version="1"/>
<EntitySet Name="Header" EntityType="ZTM_MANAGE_VEHICLE_REQ_SRV.Header" sap:creatable="false" sap:updatable="false" sap:deletable="false" sap:pageable="false" sap:addressable="false" sap:content-version="1"/>
<EntitySet Name="Emails" EntityType="ZTM_MANAGE_VEHICLE_REQ_SRV.Emails" sap:creatable="false" sap:updatable="false" sap:deletable="false" sap:pageable="false" sap:addressable="false" sap:content-version="1"/>
<EntitySet Name="AssetItems" EntityType="ZTM_MANAGE_VEHICLE_REQ_SRV.AssetItems" sap:creatable="false" sap:updatable="false" sap:deletable="false" sap:pageable="false" sap:addressable="false" sap:content-version="1"/>
<EntitySet Name="Tags" EntityType="ZTM_MANAGE_VEHICLE_REQ_SRV.Tags" sap:creatable="false" sap:updatable="false" sap:deletable="false" sap:pageable="false" sap:addressable="false" sap:content-version="1"/>
<EntitySet Name="CollectionRequests" EntityType="ZTM_MANAGE_VEHICLE_REQ_SRV.CollectionRequests" sap:creatable="false" sap:updatable="false" sap:deletable="false" sap:pageable="false" sap:addressable="false" sap:content-version="1"/>
<EntitySet Name="Depreciations" EntityType="ZTM_MANAGE_VEHICLE_REQ_SRV.Depreciations" sap:creatable="false" sap:updatable="false" sap:deletable="false" sap:pageable="false" sap:addressable="false" sap:content-version="1"/>
<EntitySet Name="Equipments" EntityType="ZTM_MANAGE_VEHICLE_REQ_SRV.Equipments" sap:creatable="false" sap:updatable="false" sap:deletable="false" sap:pageable="false" sap:addressable="false" sap:content-version="1"/>
<EntitySet Name="PVDocs" EntityType="ZTM_MANAGE_VEHICLE_REQ_SRV.PVDocs" sap:creatable="false" sap:updatable="false" sap:deletable="false" sap:pageable="false" sap:addressable="false" sap:content-version="1"/>
<EntitySet Name="PVDocItems" EntityType="ZTM_MANAGE_VEHICLE_REQ_SRV.PVDocItems" sap:creatable="false" sap:updatable="false" sap:deletable="false" sap:pageable="false" sap:addressable="false" sap:content-version="1"/>
<EntitySet Name="PVDocProcUsers" EntityType="ZTM_MANAGE_VEHICLE_REQ_SRV.PVDocProcUsers" sap:creatable="false" sap:updatable="false" sap:deletable="false" sap:pageable="false" sap:addressable="false" sap:content-version="1"/>
<EntitySet Name="AssetPVDetails" EntityType="ZTM_MANAGE_VEHICLE_REQ_SRV.AssetPVDetails" sap:creatable="false" sap:updatable="false" sap:deletable="false" sap:pageable="false" sap:addressable="false" sap:content-version="1"/>
<EntitySet Name="InstallationRequests" EntityType="ZTM_MANAGE_VEHICLE_REQ_SRV.InstallationRequests" sap:creatable="false" sap:updatable="false" sap:deletable="false" sap:pageable="false" sap:addressable="false" sap:content-version="1"/>
<EntitySet Name="CompanyHelp" EntityType="ZTM_MANAGE_VEHICLE_REQ_SRV.CompanyHelp" sap:creatable="false" sap:updatable="false" sap:deletable="false" sap:pageable="false" sap:addressable="false" sap:content-version="1"/>
<EntitySet Name="PlantHelp" EntityType="ZTM_MANAGE_VEHICLE_REQ_SRV.PlantHelp" sap:creatable="false" sap:updatable="false" sap:deletable="false" sap:pageable="false" sap:addressable="false" sap:content-version="1"/>
<EntitySet Name="CostCenterHelp" EntityType="ZTM_MANAGE_VEHICLE_REQ_SRV.CostCenterHelp" sap:creatable="false" sap:updatable="false" sap:deletable="false" sap:pageable="false" sap:addressable="false" sap:content-version="1"/>
<EntitySet Name="PVHeader" EntityType="ZTM_MANAGE_VEHICLE_REQ_SRV.PVHeader" sap:creatable="false" sap:updatable="false" sap:deletable="false" sap:pageable="false" sap:addressable="false" sap:content-version="1"/>
<EntitySet Name="PVRelHist" EntityType="ZTM_MANAGE_VEHICLE_REQ_SRV.PVRelHist" sap:creatable="false" sap:updatable="false" sap:deletable="false" sap:pageable="false" sap:addressable="false" sap:content-version="1"/>
<EntitySet Name="DispHeader" EntityType="ZTM_MANAGE_VEHICLE_REQ_SRV.DispHeader" sap:creatable="false" sap:updatable="false" sap:deletable="false" sap:pageable="false" sap:addressable="false" sap:content-version="1"/>
<EntitySet Name="DispDocs" EntityType="ZTM_MANAGE_VEHICLE_REQ_SRV.DispDocs" sap:creatable="false" sap:updatable="false" sap:deletable="false" sap:pageable="false" sap:addressable="false" sap:content-version="1"/>
<EntitySet Name="DispRelHist" EntityType="ZTM_MANAGE_VEHICLE_REQ_SRV.DispRelHist" sap:creatable="false" sap:updatable="false" sap:deletable="false" sap:pageable="false" sap:addressable="false" sap:content-version="1"/>
<EntitySet Name="DispItems" EntityType="ZTM_MANAGE_VEHICLE_REQ_SRV.DispItems" sap:creatable="false" sap:updatable="false" sap:deletable="false" sap:pageable="false" sap:addressable="false" sap:content-version="1"/>
<EntitySet Name="AssetDispDetails" EntityType="ZTM_MANAGE_VEHICLE_REQ_SRV.AssetDispDetails" sap:creatable="false" sap:updatable="false" sap:deletable="false" sap:pageable="false" sap:addressable="false" sap:content-version="1"/>
<AssociationSet Name="DispDocs_RelHist_AssocSet" Association="ZTM_MANAGE_VEHICLE_REQ_SRV.DispDocs_RelHist" sap:creatable="false" sap:updatable="false" sap:deletable="false" sap:content-version="1">
<End EntitySet="DispDocs" Role="FromRole_DispDocs_RelHist"/>
<End EntitySet="DispRelHist" Role="ToRole_DispDocs_RelHist"/>
</AssociationSet>
<AssociationSet Name="PVDocs_RelHist_AssocSet" Association="ZTM_MANAGE_VEHICLE_REQ_SRV.PVDocs_RelHist" sap:creatable="false" sap:updatable="false" sap:deletable="false" sap:content-version="1">
<End EntitySet="PVDocs" Role="FromRole_PVDocs_RelHist"/>
<End EntitySet="PVRelHist" Role="ToRole_PVDocs_RelHist"/>
</AssociationSet>
<AssociationSet Name="AssetItems_InstallationRequests_AssocSet" Association="ZTM_MANAGE_VEHICLE_REQ_SRV.AssetItems_InstallationRequests" sap:creatable="false" sap:updatable="false" sap:deletable="false" sap:content-version="1">
<End EntitySet="AssetItems" Role="FromRole_AssetItems_InstallationRequests"/>
<End EntitySet="InstallationRequests" Role="ToRole_AssetItems_InstallationRequests"/>
</AssociationSet>
<AssociationSet Name="AssetItems_Depreciations_AssocSet" Association="ZTM_MANAGE_VEHICLE_REQ_SRV.AssetItems_Depreciations" sap:creatable="false" sap:updatable="false" sap:deletable="false" sap:content-version="1">
<End EntitySet="AssetItems" Role="FromRole_AssetItems_Depreciations"/>
<End EntitySet="Depreciations" Role="ToRole_AssetItems_Depreciations"/>
</AssociationSet>
<AssociationSet Name="Header_AssetList_AssocSet" Association="ZTM_MANAGE_VEHICLE_REQ_SRV.Header_AssetList" sap:creatable="false" sap:updatable="false" sap:deletable="false" sap:content-version="1">
<End EntitySet="Header" Role="FromRole_Header_AssetList"/>
<End EntitySet="AssetList" Role="ToRole_Header_AssetList"/>
</AssociationSet>
<AssociationSet Name="AssetItems_DispDetails_AssocSet" Association="ZTM_MANAGE_VEHICLE_REQ_SRV.AssetItems_DispDetails" sap:creatable="false" sap:updatable="false" sap:deletable="false" sap:content-version="1">
<End EntitySet="AssetItems" Role="FromRole_AssetItems_DispDetails"/>
<End EntitySet="AssetDispDetails" Role="ToRole_AssetItems_DispDetails"/>
</AssociationSet>
<AssociationSet Name="DispDocs_Items_AssocSet" Association="ZTM_MANAGE_VEHICLE_REQ_SRV.DispDocs_Items" sap:creatable="false" sap:updatable="false" sap:deletable="false" sap:content-version="1">
<End EntitySet="DispDocs" Role="FromRole_DispDocs_Items"/>
<End EntitySet="DispItems" Role="ToRole_DispDocs_Items"/>
</AssociationSet>
<AssociationSet Name="PVHeader_Docs_AssocSet" Association="ZTM_MANAGE_VEHICLE_REQ_SRV.PVHeader_Docs" sap:creatable="false" sap:updatable="false" sap:deletable="false" sap:content-version="1">
<End EntitySet="PVHeader" Role="FromRole_PVHeader_Docs"/>
<End EntitySet="PVDocs" Role="ToRole_PVHeader_Docs"/>
</AssociationSet>
<AssociationSet Name="PVDocs_Procusers_AssocSet" Association="ZTM_MANAGE_VEHICLE_REQ_SRV.PVDocs_Procusers" sap:creatable="false" sap:updatable="false" sap:deletable="false" sap:content-version="1">
<End EntitySet="PVDocs" Role="FromRole_PVDocs_Procusers"/>
<End EntitySet="PVDocProcUsers" Role="ToRole_PVDocs_Procusers"/>
</AssociationSet>
<AssociationSet Name="AssetItems_CollectionRequests_AssocSet" Association="ZTM_MANAGE_VEHICLE_REQ_SRV.AssetItems_CollectionRequests" sap:creatable="false" sap:updatable="false" sap:deletable="false" sap:content-version="1">
<End EntitySet="AssetItems" Role="FromRole_AssetItems_CollectionRequests"/>
<End EntitySet="CollectionRequests" Role="ToRole_AssetItems_CollectionRequests"/>
</AssociationSet>
<AssociationSet Name="AssetItems_Equipments_AssocSet" Association="ZTM_MANAGE_VEHICLE_REQ_SRV.AssetItems_Equipments" sap:creatable="false" sap:updatable="false" sap:deletable="false" sap:content-version="1">
<End EntitySet="AssetItems" Role="FromRole_AssetItems_Equipments"/>
<End EntitySet="Equipments" Role="ToRole_AssetItems_Equipments"/>
</AssociationSet>
<AssociationSet Name="DispHeader_Docs_AssocSet" Association="ZTM_MANAGE_VEHICLE_REQ_SRV.DispHeader_Docs" sap:creatable="false" sap:updatable="false" sap:deletable="false" sap:content-version="1">
<End EntitySet="DispHeader" Role="FromRole_DispHeader_Docs"/>
<End EntitySet="DispDocs" Role="ToRole_DispHeader_Docs"/>
</AssociationSet>
<AssociationSet Name="AssetItems_Tags_AssocSet" Association="ZTM_MANAGE_VEHICLE_REQ_SRV.AssetItems_Tags" sap:creatable="false" sap:updatable="false" sap:deletable="false" sap:content-version="1">
<End EntitySet="AssetItems" Role="FromRole_AssetItems_Tags"/>
<End EntitySet="Tags" Role="ToRole_AssetItems_Tags"/>
</AssociationSet>
<AssociationSet Name="Header_Emails_AssocSet" Association="ZTM_MANAGE_VEHICLE_REQ_SRV.Header_Emails" sap:creatable="false" sap:updatable="false" sap:deletable="false" sap:content-version="1">
<End EntitySet="Header" Role="FromRole_Header_Emails"/>
<End EntitySet="Emails" Role="ToRole_Header_Emails"/>
</AssociationSet>
<AssociationSet Name="AssetItems_AssetPVDetails_AssocSet" Association="ZTM_MANAGE_VEHICLE_REQ_SRV.AssetItems_AssetPVDetails" sap:creatable="false" sap:updatable="false" sap:deletable="false" sap:content-version="1">
<End EntitySet="AssetItems" Role="FromRole_AssetItems_AssetPVDetails"/>
<End EntitySet="AssetPVDetails" Role="ToRole_AssetItems_AssetPVDetails"/>
</AssociationSet>
<AssociationSet Name="PVDocs_Items_AssocSet" Association="ZTM_MANAGE_VEHICLE_REQ_SRV.PVDocs_Items" sap:creatable="false" sap:updatable="false" sap:deletable="false" sap:content-version="1">
<End EntitySet="PVDocs" Role="FromRole_PVDocs_Items"/>
<End EntitySet="PVDocItems" Role="ToRole_PVDocs_Items"/>
</AssociationSet>
</EntityContainer>
<Annotations xmlns="http://docs.oasis-open.org/odata/ns/edm" Target="ZTM_MANAGE_VEHICLE_REQ_SRV.AssetList/ANLKL">
<Annotation Term="Common.ValueList">
<Record>
<PropertyValue Property="CollectionPath" String="AssetClassHelp"/>
<PropertyValue Property="SearchSupported" Bool="true"/>
<PropertyValue Property="Parameters">
<Collection>
<Record Type="Common.ValueListParameterInOut">
<PropertyValue Property="LocalDataProperty" PropertyPath="ANLKL"/>
<PropertyValue Property="ValueListProperty" String="ANLKL"/>
</Record>
<Record Type="Common.ValueListParameterDisplayOnly">
<PropertyValue Property="ValueListProperty" String="TXT50"/>
</Record>
</Collection>
</PropertyValue>
</Record>
</Annotation>
</Annotations>
<atom:link xmlns:atom="http://www.w3.org/2005/Atom" rel="self" href="http://localhost:53004/sap/opu/odata/sap/ZTM_MANAGE_VEHICLE_REQ_SRV/$metadata"/>
<atom:link xmlns:atom="http://www.w3.org/2005/Atom" rel="latest-version" href="http://localhost:53004/sap/opu/odata/sap/ZTM_MANAGE_VEHICLE_REQ_SRV/$metadata"/>
</Schema>
</edmx:DataServices>
</edmx:Edmx>