<edmx:Edmx
    xmlns:edmx="http://schemas.microsoft.com/ado/2007/06/edmx"
    xmlns:m="http://schemas.microsoft.com/ado/2007/08/dataservices/metadata"
    xmlns:sap="http://www.sap.com/Protocols/SAPData" Version="1.0">
    <edmx:DataServices m:DataServiceVersion="2.0">
        <Schema
            xmlns="http://schemas.microsoft.com/ado/2008/09/edm" Namespace="ZQC_PROCESS_SRV" xml:lang="en" sap:schema-version="1">
            <EntityType Name="QcDetails" sap:content-version="1">
                <Key>
                    <PropertyRef Name="SerialNumber"/>
                </Key>
                <Property Name="StatusText" Type="Edm.String" Nullable="false" MaxLength="40" sap:unicode="false" sap:label="Status Text" sap:creatable="false" sap:updatable="false" sap:sortable="false" sap:filterable="false"/>
                <Property Name="PoDocumentItem" Type="Edm.String" Nullable="false" MaxLength="5" sap:unicode="false" sap:label="Purchase Doc. Item" sap:creatable="false" sap:updatable="false" sap:sortable="false" sap:filterable="false"/>
                <Property Name="StatusCode" Type="Edm.String" Nullable="false" MaxLength="2" sap:unicode="false" sap:label="Status Code" sap:creatable="false" sap:updatable="false" sap:sortable="false" sap:filterable="false"/>
                <Property Name="SerialNumber" Type="Edm.String" Nullable="false" MaxLength="11" sap:unicode="false" sap:label="Serial Number" sap:creatable="false" sap:updatable="false" sap:sortable="false" sap:filterable="false"/>
                <Property Name="InspectionLotNumber" Type="Edm.String" Nullable="false" MaxLength="12" sap:unicode="false" sap:label="Inspection Lot" sap:creatable="false" sap:updatable="false" sap:sortable="false" sap:filterable="false"/>
                <Property Name="UdCode" Type="Edm.String" Nullable="false" MaxLength="4" sap:unicode="false" sap:label="UD Code" sap:creatable="false" sap:updatable="false" sap:sortable="false" sap:filterable="false"/>
                <Property Name="PurchaseOrderDocument" Type="Edm.String" Nullable="false" MaxLength="10" sap:unicode="false" sap:label="Purchasing Doc." sap:creatable="false" sap:updatable="false" sap:sortable="false" sap:filterable="false"/>
                <Property Name="UdCodeText" Type="Edm.String" Nullable="false" MaxLength="40" sap:unicode="false" sap:label="Short Text" sap:creatable="false" sap:updatable="false" sap:sortable="false" sap:filterable="false"/>
                <Property Name="GrnDocument" Type="Edm.String" Nullable="false" MaxLength="10" sap:unicode="false" sap:label="Material Doc." sap:creatable="false" sap:updatable="false" sap:sortable="false" sap:filterable="false"/>
                <Property Name="GrnItem" Type="Edm.String" Nullable="false" MaxLength="4" sap:unicode="false" sap:label="Mat. Doc.Item" sap:creatable="false" sap:updatable="false" sap:sortable="false" sap:filterable="false"/>
                <Property Name="GrnYear" Type="Edm.String" Nullable="false" MaxLength="4" sap:unicode="false" sap:label="Mat. Doc. Year" sap:creatable="false" sap:updatable="false" sap:sortable="false" sap:filterable="false"/>
                <Property Name="TargetValue" Type="Edm.Double" Nullable="false" sap:unicode="false" sap:label="Target Value" sap:creatable="false" sap:updatable="false" sap:sortable="false" sap:filterable="false"/>
                <Property Name="InspectionLotQuantity" Type="Edm.Decimal" Nullable="false" Precision="13" Scale="3" sap:unicode="false" sap:unit="BaseUnit" sap:label="Insp. Lot Qty" sap:creatable="false" sap:updatable="false" sap:sortable="false" sap:filterable="false"/>
                <Property Name="MeanValue" Type="Edm.Double" Nullable="false" sap:unicode="false" sap:label="Mean Value" sap:creatable="false" sap:updatable="false" sap:sortable="false" sap:filterable="false"/>
                <Property Name="BaseUnit" Type="Edm.String" Nullable="false" MaxLength="3" sap:unicode="false" sap:label="Base Unit" sap:creatable="false" sap:updatable="false" sap:sortable="false" sap:filterable="false" sap:semantics="unit-of-measure"/>
                <Property Name="UpperLimit" Type="Edm.Double" Nullable="false" sap:unicode="false" sap:label="Upper Limit" sap:creatable="false" sap:updatable="false" sap:sortable="false" sap:filterable="false"/>
                <Property Name="LowerLimit" Type="Edm.Double" Nullable="false" sap:unicode="false" sap:label="Lower Limit" sap:creatable="false" sap:updatable="false" sap:sortable="false" sap:filterable="false"/>
                <Property Name="Vendor" Type="Edm.String" Nullable="false" MaxLength="10" sap:unicode="false" sap:label="Supplier" sap:creatable="false" sap:updatable="false" sap:sortable="false" sap:filterable="false"/>
                <Property Name="VendorName" Type="Edm.String" Nullable="false" MaxLength="35" sap:unicode="false" sap:label="Vendor Name" sap:creatable="false" sap:updatable="false" sap:sortable="false" sap:filterable="false"/>
                <Property Name="CompanyCode" Type="Edm.String" Nullable="false" MaxLength="4" sap:unicode="false" sap:label="Company Code" sap:creatable="false" sap:updatable="false" sap:sortable="false" sap:filterable="false"/>
                <Property Name="CompanyCodeName" Type="Edm.String" Nullable="false" MaxLength="25" sap:unicode="false" sap:label="Company Name" sap:creatable="false" sap:updatable="false" sap:sortable="false" sap:filterable="false"/>
                <Property Name="Plant" Type="Edm.String" Nullable="false" MaxLength="4" sap:unicode="false" sap:label="Plant" sap:creatable="false" sap:updatable="false" sap:sortable="false" sap:filterable="false"/>
                <Property Name="PlantName" Type="Edm.String" Nullable="false" MaxLength="30" sap:unicode="false" sap:label="Plant Name" sap:creatable="false" sap:updatable="false" sap:sortable="false" sap:filterable="false"/>
                <Property Name="Material" Type="Edm.String" Nullable="false" MaxLength="40" sap:unicode="false" sap:label="Material" sap:creatable="false" sap:updatable="false" sap:sortable="false" sap:filterable="false"/>
                <Property Name="MaterialDescription" Type="Edm.String" Nullable="false" MaxLength="40" sap:unicode="false" sap:label="Description" sap:creatable="false" sap:updatable="false" sap:sortable="false" sap:filterable="false"/>
                <Property Name="Batch" Type="Edm.String" Nullable="false" MaxLength="10" sap:unicode="false" sap:label="Batch" sap:creatable="false" sap:updatable="false" sap:sortable="false" sap:filterable="false"/>
                <Property Name="Valuation" Type="Edm.String" Nullable="false" MaxLength="1" sap:unicode="false" sap:label="Valuation" sap:creatable="false" sap:updatable="false" sap:sortable="false" sap:filterable="false"/>
                <Property Name="MdAfterUd" Type="Edm.String" Nullable="false" MaxLength="10" sap:unicode="false" sap:label="MD for UD Posting" sap:creatable="false" sap:updatable="false" sap:sortable="false" sap:filterable="false"/>
                <Property Name="MdYrAfterUd" Type="Edm.String" Nullable="false" MaxLength="4" sap:unicode="false" sap:label="MD Year after UD" sap:creatable="false" sap:updatable="false" sap:sortable="false" sap:filterable="false"/>
                <Property Name="MDItmAfterUd" Type="Edm.String" Nullable="false" MaxLength="4" sap:unicode="false" sap:label="MD Item after UD" sap:creatable="false" sap:updatable="false" sap:sortable="false" sap:filterable="false"/>
                <Property Name="Amount" Type="Edm.Decimal" Nullable="false" Precision="24" Scale="3" sap:unicode="false" sap:label="Amount in LC" sap:creatable="false" sap:updatable="false" sap:sortable="false" sap:filterable="false"/>
                <Property Name="MiroDoc" Type="Edm.String" Nullable="false" MaxLength="10" sap:unicode="false" sap:label="MIRO Document Num." sap:creatable="false" sap:updatable="false" sap:sortable="false" sap:filterable="false"/>
                <Property Name="MiroYear" Type="Edm.String" Nullable="false" MaxLength="4" sap:unicode="false" sap:label="MIRO Document Year" sap:creatable="false" sap:updatable="false" sap:sortable="false" sap:filterable="false"/>
                <Property Name="ServiceAmount" Type="Edm.Decimal" Precision="24" Scale="3" sap:unicode="false" sap:label="Service Amount" sap:creatable="false" sap:updatable="false" sap:sortable="false" sap:filterable="false"/>
                <Property Name="Activity" Type="Edm.String" Nullable="false" MaxLength="40" sap:unicode="false" sap:label="Activity" sap:creatable="false" sap:updatable="false" sap:sortable="false" sap:filterable="false"/>
                <Property Name="Mic" Type="Edm.String" Nullable="false" MaxLength="8" sap:unicode="false" sap:label="Master IC" sap:creatable="false" sap:updatable="false" sap:sortable="false" sap:filterable="false"/>
                <Property Name="MicDescription" Type="Edm.String" Nullable="false" MaxLength="40" sap:unicode="false" sap:label="Description" sap:creatable="false" sap:updatable="false" sap:sortable="false" sap:filterable="false"/>
                <Property Name="Specification" Type="Edm.String" Nullable="false" MaxLength="40" sap:unicode="false" sap:label="Specification" sap:creatable="false" sap:updatable="false" sap:sortable="false" sap:filterable="false"/>
                <Property Name="InfoField" Type="Edm.String" Nullable="false" MaxLength="40" sap:unicode="false" sap:label="Info Field" sap:creatable="false" sap:updatable="false" sap:sortable="false" sap:filterable="false"/>
                <Property Name="Results" Type="Edm.String" Nullable="false" MaxLength="40" sap:unicode="false" sap:label="Results" sap:creatable="false" sap:updatable="false" sap:sortable="false" sap:filterable="false"/>
                <Property Name="DefectClass" Type="Edm.String" Nullable="false" MaxLength="40" sap:unicode="false" sap:label="Defect Class" sap:creatable="false" sap:updatable="false" sap:sortable="false" sap:filterable="false"/>
                <Property Name="AdditionalInfo" Type="Edm.String" MaxLength="18" sap:unicode="false" sap:label="Additional Info" sap:creatable="false" sap:updatable="false" sap:sortable="false" sap:filterable="false"/>
            </EntityType>
            <EntityContainer Name="ZQC_PROCESS_SRV_Entities" m:IsDefaultEntityContainer="true" sap:supported-formats="atom json xlsx">
                <EntitySet Name="QcDetailsSet" EntityType="ZQC_PROCESS_SRV.QcDetails" sap:creatable="false" sap:updatable="false" sap:deletable="false" sap:pageable="false" sap:content-version="1"/>
            </EntityContainer>
            <Annotation
                xmlns="http://docs.oasis-open.org/odata/ns/edm" Term="Core.SchemaVersion" String="1.0.0"/>
                <atom:link
                    xmlns:atom="http://www.w3.org/2005/Atom" rel="self" href="./sap/ZQC_PROCESS_SRV/$metadata"/>
                    <atom:link
                        xmlns:atom="http://www.w3.org/2005/Atom" rel="latest-version" href="./sap/ZQC_PROCESS_SRV/$metadata"/>
                    </Schema>
                </edmx:DataServices>
            </edmx:Edmx>