{
    "resources": [
        {
            "name": "model/formatter.js"
        },
        {
            "name": "model/models.js"
        },
        {
            "name": "Component.js"
        },
        {
            "name": "view/App.view.xml"
        },
        {
            "name": "view/View1.view.xml"
        },
        {
            "name": "view/View2.view.xml"
        },
        {
            "name": "css/style.css"
        },
        {
            "name": "i18n/i18n.properties",
            "raw": "i18n/i18n.properties"
        },
        {
            "name": "index.html"
        },
        {
            "name": "controller/App.controller.js"
        },
        {
            "name": "controller/View1.controller.js"
        },
        {
            "name": "controller/View2.controller.js"
        },
        {
            "name": "manifest.json"
        },
        {
            "name": "Fragments/DeviationCredit.fragment.xml"
        },
        {
            "name": "Fragments/RejectReason.fragment.xml"
        },
        {
            "name": "Images/Logo_of_Everest_spices.png"
        },
        {
            "name": "localService/metadata.xml"
        },
        {
            "name": "Component-preload.js",
            "merged": true
        },
        {
            "name": "neo-app.json"
        }
    ]
}