<core:FragmentDefinition xmlns="sap.m" xmlns:core="sap.ui.core">
    <Dialog id="deviationCreditDialog" title="Deviation Credit" class="customDialog" contentHeight="auto" contentWidth="29%">
        <customHeader>
            <Bar>
                <contentMiddle>
                    <Title text="Deviation Credit" />
                </contentMiddle>
                <contentRight>
                    <Button icon="sap-icon://decline" press="onDialogClose" type="Reject"  tooltip="Close" />
                </contentRight>
            </Bar>
        </customHeader>
        <content>
            <VBox class="sapUiSmallMargin">
                <HBox alignItems="Center" justifyContent="SpaceBetween" class="sapUiTinyMarginBottom">
                    <RadioButton id="radioButtonPercentage" text="Percentage" select="onRadioButtonSelect" groupName="CreditOptions"/>
                    <Input id="inputPercentage" placeholder="Enter Percentage" enabled="false" width="100%" liveChange="onApplyCredit"/>
                </HBox>
                <HBox alignItems="Center" justifyContent="SpaceBetween" class="sapUiTinyMarginBottom">
                    <RadioButton id="radioButtonRatePerKg" text="Rate per Kg" select="onRadioButtonSelect" groupName="CreditOptions"/>
                    <Input id="inputRatePerKg" placeholder="Enter Rate per Kg" enabled="false" width="100%" liveChange="onApplyCredit"/>
                </HBox>
                <HBox alignItems="Center" justifyContent="SpaceBetween" class="sapUiTinyMarginBottom">
                    <RadioButton id="radioButtonBulkAmount" text="Bulk Amount" select="onRadioButtonSelect" groupName="CreditOptions"/>
                    <Input id="inputBulkAmount" placeholder="Enter Bulk Amount" enabled="false" width="100%" liveChange="onApplyCredit"/>
                </HBox>
                <!--<HBox alignItems="Center" justifyContent="SpaceBetween" class="sapUiTinyMarginBottom">-->
                <!--    <RadioButton id="radioButtonActualAmount" text="Actual Amount" select="onRadioButtonSelect" groupName="CreditOptions"/>-->
                <!--</HBox>-->
                <HBox alignItems="Center" justifyContent="SpaceBetween" class="sapUiTinyMarginBottom">
                    <Label text="Invoice Value:" design="Bold" required="true" class="sapUiLargeMarginBegin"/>
                    <Input value="{path: 'SingleInvoiceModel>/Dmbtr'}" editable="false" placeholder="Invoice Value" width="65%"/>
                </HBox>
                <HBox alignItems="Center" justifyContent="SpaceBetween" class="sapUiTinyMarginBottom">
                    <Label text="Deviated Amt:" design="Bold" required="true" class="sapUiLargeMarginBegin"/>
                    <Input value="{path: 'SingleInvoiceModel>/DebitAmt'}" editable="false" placeholder="Invoice Value" width="65%"/>
                </HBox>
            </VBox>
        </content>
        <beginButton>
            <Button text="Approve" press="onApproveDeviationPress" type="Emphasized"/>
        </beginButton>
        <endButton>
            <Button text="Cancel" press="onDialogClose" type="Reject"/>
        </endButton>
    </Dialog>
</core:FragmentDefinition>