{
  "mockpreview": {
    "mockUri": "/sap/opu/odata/sap/ZABUL_TEST1_SRV",
    "metadataFilePath": "",
    "loadJSONFiles": false,
    "loadCustomRequests": false,
    "mockRequestsFilePath": ""
  },
  "deploy": {
    "destination": "TrlKrosaki",
    "name": "ZVEH_REQ_MAN"
  },
  "projectType": [
    "sap.watt.uitools.ide.fiori",
    "com.watt.common.builder.sapui5clientbuild"
  ],
  "build": {
    "buildRequired": true,
    "targetFolder": "dist",
    "lastBuildDateTime": "Thu, 10 Oct 2024 14:36:09 GMT"
  },
  "generation": [
    {
      "templateId": "servicecatalog.connectivityComponent",
      "templateVersion": "0.0.0",
      "dateTimeStamp": "Tue, 31 Jan 2023 07:06:10 GMT"
    }
  ]
}