{
    "resources": [
        {
            "name": ".user.project.json"
        },
        {
            "name": "Component-preload.js",
            "merged": true
        },
        {
            "name": "controller/detail.controller.js"
        },
        {
            "name": "controller/Main.controller.js"
        },
        {
            "name": "manifest.json"
        },
        {
            "name": "i18n/i18n.properties",
            "raw": "i18n/i18n.properties"
        },
        {
            "name": "neo-app.json"
        },
        {
            "name": "index.html"
        },
        {
            "name": "Component.js"
        },
        {
            "name": "css/style.css"
        },
        {
            "name": "resources.json",
            "merged": true
        },
        {
            "name": "view/valueHelps/RequestCreate.fragment.xml"
        },
        {
            "name": "view/detail.view.xml"
        },
        {
            "name": "view/Main.view.xml"
        },
        {
            "name": ".project.json"
        },
        {
            "name": "model/models.js"
        },
        {
            "name": "localService/metadata.xml"
        },
        {
            "name": "localService/ZABUL_TEST1_SRV/metadata.xml"
        }
    ]
}