{
    "resources": [
        {
            "name": "localService/metadata.xml"
        },
        {
            "name": "controller/App.controller.js"
        },
        {
            "name": "controller/Billing.controller.js"
        },
        {
            "name": "index.html"
        },
        {
            "name": ".project.json"
        },
        {
            "name": "css/style.css"
        },
        {
            "name": "resources.json",
            "merged": true
        },
        {
            "name": "Component.js"
        },
        {
            "name": ".user.project.json"
        },
        {
            "name": "model/models.js"
        },
        {
            "name": "model/formatter.js"
        },
        {
            "name": "view/fragments/QRCode.fragment.xml"
        },
        {
            "name": "view/App.view.xml"
        },
        {
            "name": "view/Billing.view.xml"
        },
        {
            "name": "neo-app.json"
        },
        {
            "name": "manifest.json"
        },
        {
            "name": "i18n/i18n_en_IN.properties",
            "raw": "i18n/i18n.properties"
        },
        {
            "name": "i18n/i18n.properties",
            "raw": "i18n/i18n.properties"
        },
        {
            "name": "i18n/i18n_en.properties",
            "raw": "i18n/i18n.properties"
        },
        {
            "name": "Component-preload.js",
            "merged": true
        }
    ]
}