<edmx:Edmx
    xmlns:edmx="http://schemas.microsoft.com/ado/2007/06/edmx"
    xmlns:m="http://schemas.microsoft.com/ado/2007/08/dataservices/metadata"
    xmlns:sap="http://www.sap.com/Protocols/SAPData" Version="1.0">
    <edmx:DataServices m:DataServiceVersion="2.0">
        <Schema
            xmlns="http://schemas.microsoft.com/ado/2008/09/edm" Namespace="ZOBD_UPDATE_SRV" xml:lang="en" sap:schema-version="1">
            <EntityType Name="ZshLikp" sap:content-version="1">
                <Key>
                    <PropertyRef Name="Vbeln"/>
                </Key>
                <Property Name="Vbeln" Type="Edm.String" Nullable="false" MaxLength="10" sap:unicode="false" sap:label="Delivery" sap:creatable="false" sap:updatable="false" sap:sortable="false" sap:filterable="false"/>
                <Property Name="Ernam" Type="Edm.String" Nullable="false" MaxLength="12" sap:unicode="false" sap:label="Created By" sap:creatable="false" sap:updatable="false" sap:sortable="false" sap:filterable="false"/>
                <Property Name="Erdat" Type="Edm.DateTime" Nullable="false" Precision="7" sap:unicode="false" sap:label="Created On" sap:creatable="false" sap:updatable="false" sap:sortable="false" sap:filterable="false"/>
                <Property Name="Erzet" Type="Edm.Time" Nullable="false" Precision="0" sap:unicode="false" sap:label="Time" sap:creatable="false" sap:updatable="false" sap:sortable="false" sap:filterable="false"/>
            </EntityType>
            <EntityType Name="ZOBD_ITEM_SETS" sap:content-version="1">
                <Key>
                    <PropertyRef Name="Vbeln"/>
                    <PropertyRef Name="Posnr"/>
                </Key>
                <Property Name="Packno" Type="Edm.String" MaxLength="6" sap:unicode="false" sap:label="Total Packet/Pallets" sap:creatable="false" sap:updatable="false" sap:sortable="false" sap:filterable="false"/>
                <Property Name="Vbeln" Type="Edm.String" Nullable="false" MaxLength="10" sap:unicode="false" sap:label="Delivery" sap:creatable="false" sap:updatable="false" sap:sortable="false" sap:filterable="false"/>
                <Property Name="Posnr" Type="Edm.String" Nullable="false" MaxLength="6" sap:unicode="false" sap:label="Item" sap:creatable="false" sap:updatable="false" sap:sortable="false" sap:filterable="false"/>
                <Property Name="Matnr" Type="Edm.String" MaxLength="40" sap:unicode="false" sap:label="Material" sap:creatable="false" sap:updatable="false" sap:sortable="false" sap:filterable="false"/>
                <Property Name="Lfimg" Type="Edm.Decimal" Precision="13" Scale="3" sap:unicode="false" sap:label="Delivery Qty" sap:creatable="false" sap:updatable="false" sap:sortable="false" sap:filterable="false"/>
                <Property Name="Vrkme" Type="Edm.String" MaxLength="3" sap:unicode="false" sap:label="Sales Unit" sap:creatable="false" sap:updatable="false" sap:sortable="false" sap:filterable="false" sap:semantics="unit-of-measure"/>
            </EntityType>
            <EntityContainer Name="ZOBD_UPDATE_SRV_Entities" m:IsDefaultEntityContainer="true" sap:supported-formats="atom json xlsx">
                <EntitySet Name="ZshLikpSet" EntityType="ZOBD_UPDATE_SRV.ZshLikp" sap:creatable="false" sap:updatable="false" sap:deletable="false" sap:pageable="false" sap:content-version="1"/>
                <EntitySet Name="ZOBD_ITEM_SETSSet" EntityType="ZOBD_UPDATE_SRV.ZOBD_ITEM_SETS" sap:creatable="false" sap:updatable="false" sap:deletable="false" sap:pageable="false" sap:content-version="1"/>
            </EntityContainer>
            <Annotation
                xmlns="http://docs.oasis-open.org/odata/ns/edm" Term="Core.SchemaVersion" String="1.0.0"/>
                <atom:link
                    xmlns:atom="http://www.w3.org/2005/Atom" rel="self" href="./sap/ZOBD_UPDATE_SRV/$metadata"/>
                    <atom:link
                        xmlns:atom="http://www.w3.org/2005/Atom" rel="latest-version" href="./sap/ZOBD_UPDATE_SRV/$metadata"/>
                    </Schema>
                </edmx:DataServices>
            </edmx:Edmx>