{
    "resources": [
        {
            "name": "css/style.css"
        },
        {
            "name": "model/formatter.js"
        },
        {
            "name": "model/models.js"
        },
        {
            "name": "Component.js"
        },
        {
            "name": "i18n/i18n.properties",
            "raw": "i18n/i18n.properties"
        },
        {
            "name": "view/MasterCarton.view.xml"
        },
        {
            "name": "controller/MasterCarton.controller.js"
        },
        {
            "name": "index.html"
        },
        {
            "name": "fragments/McCancelPopover.fragment.xml"
        },
        {
            "name": "manifest.json"
        },
        {
            "name": "Component-preload.js",
            "merged": true
        },
        {
            "name": "neo-app.json"
        }
    ]
}