{
    "resources": [
        {
            "name": "resources.json",
            "merged": true
        },
        {
            "name": "Component-preload.js",
            "merged": true
        },
        {
            "name": "manifest.json"
        },
        {
            "name": "model/formatter.js"
        },
        {
            "name": "model/models.js"
        },
        {
            "name": "controller/App.controller.js"
        },
        {
            "name": "controller/List.controller.js"
        },
        {
            "name": "controller/Empty.controller.js"
        },
        {
            "name": "controller/Detail.controller.js"
        },
        {
            "name": "localService/metadata.xml"
        },
        {
            "name": "i18n/i18n.properties",
            "raw": "i18n/i18n.properties"
        },
        {
            "name": ".user.project.json"
        },
        {
            "name": ".project.json"
        },
        {
            "name": "Component.js"
        },
        {
            "name": "css/style.css"
        },
        {
            "name": "view/App.view.xml"
        },
        {
            "name": "view/Empty.view.xml"
        },
        {
            "name": "view/List.view.xml"
        },
        {
            "name": "view/Detail.view.xml"
        },
        {
            "name": "view/Fragment/LocationEndFragment.fragment.xml"
        },
        {
            "name": "view/Fragment/LocationBeginFragment.fragment.xml"
        },
        {
            "name": "view/Fragment/NonLocationEndFragment.fragment.xml"
        },
        {
            "name": "view/Fragment/PONumberDialog.fragment.xml"
        },
        {
            "name": "view/Fragment/NonLocationBeginFragment.fragment.xml"
        },
        {
            "name": "view/Fragment/CancelConfirmation.fragment.xml"
        },
        {
            "name": "index.html"
        },
        {
            "name": "neo-app.json"
        }
    ]
}