<edmx:Edmx
    xmlns:edmx="http://schemas.microsoft.com/ado/2007/06/edmx"
    xmlns:m="http://schemas.microsoft.com/ado/2007/08/dataservices/metadata"
    xmlns:sap="http://www.sap.com/Protocols/SAPData" Version="1.0">
    <edmx:DataServices m:DataServiceVersion="2.0">
        <Schema
            xmlns="http://schemas.microsoft.com/ado/2008/09/edm" Namespace="ZMM_QRCODE_CANCEL_SRV" xml:lang="en" sap:schema-version="1">
            <EntityType Name="ET_QRCODE" sap:content-version="1">
                <Key>
                    <PropertyRef Name="GroupQrserial"/>
                </Key>
                <Property Name="ReturnMessage" Type="ZMM_QRCODE_CANCEL_SRV.ReturnMessage" Nullable="false"/>
                <Property Name="GroupQrserial" Type="Edm.String" Nullable="false" MaxLength="14" sap:label="Group QR Serial No." sap:creatable="false" sap:updatable="false" sap:sortable="false" sap:filterable="false"/>
            </EntityType>
            <ComplexType Name="ReturnMessage">
                <Property Name="Type" Type="Edm.String" Nullable="false" MaxLength="1" sap:label="Type" sap:creatable="false" sap:updatable="false" sap:sortable="false" sap:filterable="false"/>
                <Property Name="Message" Type="Edm.String" Nullable="false" MaxLength="220" sap:label="Message" sap:creatable="false" sap:updatable="false" sap:sortable="false" sap:filterable="false"/>
            </ComplexType>
            <EntityContainer Name="ZMM_QRCODE_CANCEL_SRV_Entities" m:IsDefaultEntityContainer="true" sap:supported-formats="atom json xlsx">
                <EntitySet Name="ET_QRCODESet" EntityType="ZMM_QRCODE_CANCEL_SRV.ET_QRCODE" sap:creatable="false" sap:updatable="false" sap:deletable="false" sap:pageable="false" sap:content-version="1"/>
            </EntityContainer>
            <atom:link
                xmlns:atom="http://www.w3.org/2005/Atom" rel="self" href="http://order.somanyimpresa.com:44302/sap/opu/odata/sap/ZMM_QRCODE_CANCEL_SRV/$metadata"/>
                <atom:link
                    xmlns:atom="http://www.w3.org/2005/Atom" rel="latest-version" href="http://order.somanyimpresa.com:44302/sap/opu/odata/sap/ZMM_QRCODE_CANCEL_SRV/$metadata"/>
                </Schema>
            </edmx:DataServices>
        </edmx:Edmx>