<edmx:Edmx
    xmlns:edmx="http://schemas.microsoft.com/ado/2007/06/edmx"
    xmlns:m="http://schemas.microsoft.com/ado/2007/08/dataservices/metadata"
    xmlns:sap="http://www.sap.com/Protocols/SAPData" Version="1.0">
    <edmx:DataServices m:DataServiceVersion="2.0">
        <Schema
            xmlns="http://schemas.microsoft.com/ado/2008/09/edm" Namespace="ZWM_PROCESS_SRV" xml:lang="en" sap:schema-version="1">
            <Annotation
                xmlns="http://docs.oasis-open.org/odata/ns/edm" Term="Core.SchemaVersion" String="1.0.0"/>
                <EntityType Name="ProductionOrder" sap:content-version="1">
                    <Key>
                        <PropertyRef Name="Production_Order"/>
                    </Key>
                    <Property Name="Material" Type="Edm.String" Nullable="false" MaxLength="40" sap:unicode="false" sap:label="Material" sap:creatable="false" sap:updatable="false" sap:sortable="false" sap:filterable="false"/>
                    <Property Name="Storage_Location" Type="Edm.String" Nullable="false" MaxLength="4" sap:unicode="false" sap:label="Storage Location" sap:creatable="false" sap:updatable="false" sap:sortable="false" sap:filterable="false"/>
                    <Property Name="Base_Unit" Type="Edm.String" Nullable="false" MaxLength="3" sap:unicode="false" sap:label="Base Unit" sap:creatable="false" sap:updatable="false" sap:sortable="false" sap:filterable="false" sap:semantics="unit-of-measure"/>
                    <Property Name="Plant" Type="Edm.String" Nullable="false" MaxLength="4" sap:unicode="false" sap:label="Plant" sap:creatable="false" sap:updatable="false" sap:sortable="false" sap:filterable="false"/>
                    <Property Name="Production_Order" Type="Edm.String" Nullable="false" MaxLength="12" sap:unicode="false" sap:label="Order" sap:creatable="false" sap:updatable="false" sap:sortable="false" sap:filterable="false"/>
                    <Property Name="UOM" Type="Edm.String" Nullable="false" MaxLength="3" sap:unicode="false" sap:label="Order Un" sap:creatable="false" sap:updatable="false" sap:sortable="false" sap:filterable="false" sap:semantics="unit-of-measure"/>
                    <Property Name="Created_Date" Type="Edm.DateTime" Nullable="false" Precision="7" sap:unicode="false" sap:label="Created On" sap:creatable="false" sap:updatable="false" sap:sortable="false" sap:filterable="false"/>
                    <Property Name="Material_Description" Type="Edm.String" Nullable="false" MaxLength="40" sap:unicode="false" sap:label="Description" sap:creatable="false" sap:updatable="false" sap:sortable="false" sap:filterable="false"/>
                    <Property Name="Total_Quantity" Type="Edm.Decimal" Nullable="false" Precision="13" Scale="3" sap:unicode="false" sap:label="Total Quantity" sap:creatable="false" sap:updatable="false" sap:sortable="false" sap:filterable="false"/>
                    <Property Name="Delivered_Quantity" Type="Edm.Decimal" Nullable="false" Precision="13" Scale="3" sap:unicode="false" sap:label="GR Quantity" sap:creatable="false" sap:updatable="false" sap:sortable="false" sap:filterable="false"/>
                </EntityType>
                <EntityType Name="Bom" sap:content-version="1">
                    <Key>
                        <PropertyRef Name="Material"/>
                        <PropertyRef Name="Order"/>
                    </Key>
                    <Property Name="Material" Type="Edm.String" Nullable="false" MaxLength="40" sap:unicode="false" sap:label="Material" sap:creatable="false" sap:updatable="false" sap:sortable="false" sap:filterable="false"/>
                    <Property Name="Plant" Type="Edm.String" Nullable="false" MaxLength="4" sap:unicode="false" sap:label="Plant" sap:creatable="false" sap:updatable="false" sap:sortable="false" sap:filterable="false"/>
                    <Property Name="Material_Description" Type="Edm.String" Nullable="false" MaxLength="40" sap:unicode="false" sap:label="Description" sap:creatable="false" sap:updatable="false" sap:sortable="false" sap:filterable="false"/>
                    <Property Name="Order" Type="Edm.String" Nullable="false" MaxLength="12" sap:unicode="false" sap:label="Order" sap:creatable="false" sap:updatable="false" sap:sortable="false" sap:filterable="false"/>
                    <Property Name="Quantity" Type="Edm.Decimal" Nullable="false" Precision="13" Scale="3" sap:unicode="false" sap:label="Quantity in UnE" sap:creatable="false" sap:updatable="false" sap:sortable="false" sap:filterable="false"/>
                    <Property Name="Units" Type="Edm.String" Nullable="false" MaxLength="3" sap:unicode="false" sap:label="Unit of Entry" sap:creatable="false" sap:updatable="false" sap:sortable="false" sap:filterable="false" sap:semantics="unit-of-measure"/>
                    <Property Name="Storage_Location" Type="Edm.String" Nullable="false" MaxLength="4" sap:unicode="false" sap:label="Location" sap:creatable="false" sap:updatable="false" sap:sortable="false" sap:filterable="false"/>
                </EntityType>
                <EntityType Name="SerialCodes" sap:content-version="1">
                    <Key>
                        <PropertyRef Name="Serial_Number"/>
                    </Key>
                    <Property Name="Label_Rejected" Type="Edm.String" MaxLength="1" sap:unicode="false" sap:label="Is Rejected ?" sap:creatable="false" sap:updatable="false" sap:sortable="false" sap:filterable="false"/>
                    <Property Name="Zmblnr" Type="Edm.String" MaxLength="10" sap:unicode="false" sap:label="Material Document" sap:creatable="false" sap:updatable="false" sap:sortable="false" sap:filterable="false"/>
                    <Property Name="Palette_Number" Type="Edm.String" MaxLength="7" sap:unicode="false" sap:label="Palette Number" sap:creatable="false" sap:updatable="false" sap:sortable="false" sap:filterable="false"/>
                    <Property Name="Zmjahr" Type="Edm.String" MaxLength="4" sap:unicode="false" sap:label="Mat. Doc. Year" sap:creatable="false" sap:updatable="false" sap:sortable="false" sap:filterable="false"/>
                    <Property Name="PSP_Number" Type="Edm.Int64" sap:unicode="false" sap:label="Product Specif. Num." sap:creatable="false" sap:updatable="false" sap:sortable="false" sap:filterable="false"/>
                    <Property Name="Vbeln" Type="Edm.String" MaxLength="10" sap:unicode="false" sap:label="Delivery Number" sap:creatable="false" sap:updatable="false" sap:sortable="false" sap:filterable="false"/>
                    <Property Name="Posnr" Type="Edm.String" MaxLength="6" sap:unicode="false" sap:label="Item Number" sap:creatable="false" sap:updatable="false" sap:sortable="false" sap:filterable="false"/>
                    <Property Name="PSP_Name" Type="Edm.String" MaxLength="10" sap:unicode="false" sap:label="PSP Name" sap:creatable="false" sap:updatable="false" sap:sortable="false" sap:filterable="false"/>
                    <Property Name="Serial_Number" Type="Edm.String" Nullable="false" MaxLength="12" sap:unicode="false" sap:label="Serial Number" sap:creatable="false" sap:updatable="false" sap:sortable="false" sap:filterable="false"/>
                    <Property Name="Shift_Code" Type="Edm.String" MaxLength="4" sap:unicode="false" sap:label="Shift Definition" sap:creatable="false" sap:updatable="false" sap:sortable="false" sap:filterable="false"/>
                    <Property Name="Machine_Code" Type="Edm.String" MaxLength="2" sap:unicode="false" sap:label="Machine Code" sap:creatable="false" sap:updatable="false" sap:sortable="false" sap:filterable="false"/>
                    <Property Name="Plant_Code" Type="Edm.String" MaxLength="1" sap:unicode="false" sap:label="Plant Code" sap:creatable="false" sap:updatable="false" sap:sortable="false" sap:filterable="false"/>
                    <Property Name="Plant" Type="Edm.String" MaxLength="4" sap:unicode="false" sap:label="Plant" sap:creatable="false" sap:updatable="false" sap:sortable="false" sap:filterable="false"/>
                    <Property Name="Material" Type="Edm.String" MaxLength="40" sap:unicode="false" sap:label="Material Number" sap:creatable="false" sap:updatable="false" sap:sortable="false" sap:filterable="false"/>
                    <Property Name="Material_Description" Type="Edm.String" MaxLength="40" sap:unicode="false" sap:label="Description" sap:creatable="false" sap:updatable="false" sap:sortable="false" sap:filterable="false"/>
                    <Property Name="Client_Code" Type="Edm.String" MaxLength="10" sap:unicode="false" sap:label="Client Code" sap:creatable="false" sap:updatable="false" sap:sortable="false" sap:filterable="false"/>
                    <Property Name="Ship_To_Party" Type="Edm.String" MaxLength="10" sap:unicode="false" sap:label="Ship to Party" sap:creatable="false" sap:updatable="false" sap:sortable="false" sap:filterable="false"/>
                    <Property Name="Quantity" Type="Edm.Int32" sap:unicode="false" sap:label="Quantity in Box" sap:creatable="false" sap:updatable="false" sap:sortable="false" sap:filterable="false"/>
                    <Property Name="Manufacturing_Date" Type="Edm.DateTime" Precision="7" sap:unicode="false" sap:label="Manufacturing Date" sap:creatable="false" sap:updatable="false" sap:sortable="false" sap:filterable="false"/>
                </EntityType>
                <EntityType Name="StorageLoc" sap:content-version="1">
                    <Key>
                        <PropertyRef Name="Storage_Location"/>
                        <PropertyRef Name="Material"/>
                        <PropertyRef Name="Plant"/>
                    </Key>
                    <Property Name="Storage_Location" Type="Edm.String" Nullable="false" MaxLength="4" sap:unicode="false" sap:label="Storage Location" sap:creatable="false" sap:updatable="false" sap:sortable="false" sap:filterable="false"/>
                    <Property Name="Unrestricted_Quantity" Type="Edm.Decimal" Nullable="false" Precision="13" Scale="3" sap:unicode="false" sap:label="Unrestricted Quantity" sap:creatable="false" sap:updatable="false" sap:sortable="false" sap:filterable="false"/>
                    <Property Name="Bae_Unit" Type="Edm.String" Nullable="false" MaxLength="3" sap:unicode="false" sap:label="Base Unit" sap:creatable="false" sap:updatable="false" sap:sortable="false" sap:filterable="false" sap:semantics="unit-of-measure"/>
                    <Property Name="Material" Type="Edm.String" Nullable="false" MaxLength="40" sap:unicode="false" sap:label="Material" sap:creatable="false" sap:updatable="false" sap:sortable="false" sap:filterable="false"/>
                    <Property Name="Plant" Type="Edm.String" Nullable="false" MaxLength="4" sap:unicode="false" sap:label="Plant" sap:creatable="false" sap:updatable="false" sap:sortable="false" sap:filterable="false"/>
                </EntityType>
                <EntityType Name="PSP" m:HasStream="true" sap:content-version="1">
                    <Key>
                        <PropertyRef Name="Serial_Number"/>
                    </Key>
                    <Property Name="Serial_Number" Type="Edm.String" Nullable="false" MaxLength="12" sap:unicode="false" sap:label="Serial Number" sap:creatable="false" sap:updatable="false" sap:sortable="false" sap:filterable="false"/>
                    <Property Name="Psp_Name" Type="Edm.String" Nullable="false" MaxLength="10" sap:unicode="false" sap:label="PSP Name" sap:creatable="false" sap:updatable="false" sap:sortable="false" sap:filterable="false"/>
                    <Property Name="Psp_Data" Type="Edm.Binary" Nullable="false" sap:unicode="false" sap:label="PSP Data" sap:creatable="false" sap:updatable="false" sap:sortable="false" sap:filterable="false"/>
                </EntityType>
                <EntityType Name="ZshObd" sap:content-version="1">
                    <Key>
                        <PropertyRef Name="Vbeln"/>
                        <PropertyRef Name="Posnr"/>
                    </Key>
                    <Property Name="Vbeln" Type="Edm.String" Nullable="false" MaxLength="10" sap:unicode="false" sap:label="Delivery" sap:creatable="false" sap:updatable="false" sap:sortable="false" sap:filterable="false"/>
                    <Property Name="Posnr" Type="Edm.String" Nullable="false" MaxLength="6" sap:unicode="false" sap:label="Item" sap:creatable="false" sap:updatable="false" sap:sortable="false" sap:filterable="false"/>
                    <Property Name="Matnr" Type="Edm.String" MaxLength="40" sap:unicode="false" sap:label="Material" sap:creatable="false" sap:updatable="false" sap:sortable="false" sap:filterable="false"/>
                    <Property Name="Lfimg" Type="Edm.Decimal" Precision="13" Scale="3" sap:unicode="false" sap:label="Delivery Qty" sap:creatable="false" sap:updatable="false" sap:sortable="false" sap:filterable="false"/>
                    <Property Name="Vrkme" Type="Edm.String" MaxLength="3" sap:unicode="false" sap:label="Sales Unit" sap:creatable="false" sap:updatable="false" sap:sortable="false" sap:filterable="false" sap:semantics="unit-of-measure"/>
                    <Property Name="Werks" Type="Edm.String" MaxLength="4" sap:unicode="false" sap:label="Plant" sap:creatable="false" sap:updatable="false" sap:sortable="false" sap:filterable="false"/>
                    <Property Name="Vgbel" Type="Edm.String" MaxLength="10" sap:unicode="false" sap:label="Reference Doc." sap:creatable="false" sap:updatable="false" sap:sortable="false" sap:filterable="false"/>
                    <Property Name="Vgpos" Type="Edm.String" MaxLength="6" sap:unicode="false" sap:label="Reference Item" sap:creatable="false" sap:updatable="false" sap:sortable="false" sap:filterable="false"/>
                    <Property Name="Ernam" Type="Edm.String" MaxLength="12" sap:unicode="false" sap:label="Created By" sap:creatable="false" sap:updatable="false" sap:sortable="false" sap:filterable="false"/>
                    <Property Name="Erdat" Type="Edm.DateTime" Precision="7" sap:unicode="false" sap:label="Created On" sap:creatable="false" sap:updatable="false" sap:sortable="false" sap:filterable="false"/>
                    <Property Name="Erzet" Type="Edm.Time" Precision="0" sap:unicode="false" sap:label="Created Time" sap:creatable="false" sap:updatable="false" sap:sortable="false" sap:filterable="false"/>
                </EntityType>
                <EntityType Name="UpdateOBD" sap:content-version="1">
                    <Key>
                        <PropertyRef Name="Vbeln"/>
                        <PropertyRef Name="Posnr"/>
                    </Key>
                    <Property Name="Vbeln" Type="Edm.String" Nullable="false" MaxLength="10" sap:unicode="false" sap:label="Delivery Number" sap:creatable="false" sap:updatable="false" sap:sortable="false" sap:filterable="false"/>
                    <Property Name="Zmessage" Type="Edm.String" Nullable="false" MaxLength="220" sap:unicode="false" sap:label="BAPI Error Message" sap:creatable="false" sap:updatable="false" sap:sortable="false" sap:filterable="false"/>
                    <Property Name="Posnr" Type="Edm.String" Nullable="false" MaxLength="6" sap:unicode="false" sap:label="Item Number" sap:creatable="false" sap:updatable="false" sap:sortable="false" sap:filterable="false"/>
                    <Property Name="Lfimg" Type="Edm.Decimal" Precision="13" Scale="3" sap:unicode="false" sap:label="Delivery Qty" sap:creatable="false" sap:updatable="false" sap:sortable="false" sap:filterable="false"/>
                    <NavigationProperty Name="NP_ON_OBD" Relationship="ZWM_PROCESS_SRV.ObdToSerialCode" FromRole="FromRole_ObdToSerialCode" ToRole="ToRole_ObdToSerialCode"/>
                </EntityType>
                <EntityType Name="ShiftCodes" sap:content-version="1">
                    <Key>
                        <PropertyRef Name="Shift_Code"/>
                    </Key>
                    <Property Name="Shift_Code" Type="Edm.String" Nullable="false" MaxLength="4" sap:unicode="false" sap:label="Shift Definition" sap:creatable="false" sap:updatable="false" sap:sortable="false" sap:filterable="false"/>
                    <Property Name="Description" Type="Edm.String" MaxLength="15" sap:unicode="false" sap:label="Shift Definition Txt" sap:creatable="false" sap:updatable="false" sap:sortable="false" sap:filterable="false"/>
                    <Property Name="Start_Time" Type="Edm.Time" Precision="0" sap:unicode="false" sap:label="Start Time" sap:creatable="false" sap:updatable="false" sap:sortable="false" sap:filterable="false"/>
                    <Property Name="End_TIme" Type="Edm.Time" Precision="0" sap:unicode="false" sap:label="End Time" sap:creatable="false" sap:updatable="false" sap:sortable="false" sap:filterable="false"/>
                </EntityType>
                <EntityType Name="Palette" sap:content-version="1">
                    <Key>
                        <PropertyRef Name="Palette_Number"/>
                    </Key>
                    <Property Name="Palette_Number" Type="Edm.String" Nullable="false" MaxLength="7" sap:unicode="false" sap:label="Palette Number" sap:creatable="false" sap:updatable="false" sap:sortable="false" sap:filterable="false"/>
                    <NavigationProperty Name="NP_ON_PALETTE" Relationship="ZWM_PROCESS_SRV.PaletteToSerialCode" FromRole="FromRole_PaletteToSerialCode" ToRole="ToRole_PaletteToSerialCode"/>
                </EntityType>
                <Association Name="PaletteToSerialCode" sap:content-version="1">
                    <End Type="ZWM_PROCESS_SRV.Palette" Multiplicity="1" Role="FromRole_PaletteToSerialCode"/>
                    <End Type="ZWM_PROCESS_SRV.SerialCodes" Multiplicity="*" Role="ToRole_PaletteToSerialCode"/>
                </Association>
                <Association Name="ObdToSerialCode" sap:content-version="1">
                    <End Type="ZWM_PROCESS_SRV.UpdateOBD" Multiplicity="1" Role="FromRole_ObdToSerialCode"/>
                    <End Type="ZWM_PROCESS_SRV.SerialCodes" Multiplicity="*" Role="ToRole_ObdToSerialCode"/>
                    <ReferentialConstraint>
                        <Principal Role="FromRole_ObdToSerialCode">
                            <PropertyRef Name="Posnr"/>
                            <PropertyRef Name="Vbeln"/>
                        </Principal>
                        <Dependent Role="ToRole_ObdToSerialCode">
                            <PropertyRef Name="Posnr"/>
                            <PropertyRef Name="Vbeln"/>
                        </Dependent>
                    </ReferentialConstraint>
                </Association>
                <EntityContainer Name="ZWM_PROCESS_SRV_Entities" m:IsDefaultEntityContainer="true" sap:supported-formats="atom json xlsx">
                    <EntitySet Name="ProductionOrderSet" EntityType="ZWM_PROCESS_SRV.ProductionOrder" sap:creatable="false" sap:updatable="false" sap:deletable="false" sap:pageable="false" sap:content-version="1"/>
                    <EntitySet Name="BomSet" EntityType="ZWM_PROCESS_SRV.Bom" sap:creatable="false" sap:updatable="false" sap:deletable="false" sap:pageable="false" sap:content-version="1"/>
                    <EntitySet Name="SerialCodesSet" EntityType="ZWM_PROCESS_SRV.SerialCodes" sap:creatable="false" sap:updatable="false" sap:deletable="false" sap:pageable="false" sap:content-version="1"/>
                    <EntitySet Name="StorageLocSet" EntityType="ZWM_PROCESS_SRV.StorageLoc" sap:creatable="false" sap:updatable="false" sap:deletable="false" sap:pageable="false" sap:content-version="1"/>
                    <EntitySet Name="PSPSet" EntityType="ZWM_PROCESS_SRV.PSP" sap:creatable="false" sap:updatable="false" sap:deletable="false" sap:pageable="false" sap:content-version="1"/>
                    <EntitySet Name="ZshObdSet" EntityType="ZWM_PROCESS_SRV.ZshObd" sap:creatable="false" sap:updatable="false" sap:deletable="false" sap:pageable="false" sap:content-version="1"/>
                    <EntitySet Name="UpdateOBDSet" EntityType="ZWM_PROCESS_SRV.UpdateOBD" sap:creatable="false" sap:updatable="false" sap:deletable="false" sap:pageable="false" sap:content-version="1"/>
                    <EntitySet Name="ShiftCodesSet" EntityType="ZWM_PROCESS_SRV.ShiftCodes" sap:creatable="false" sap:updatable="false" sap:deletable="false" sap:pageable="false" sap:content-version="1"/>
                    <EntitySet Name="PaletteSet" EntityType="ZWM_PROCESS_SRV.Palette" sap:creatable="false" sap:updatable="false" sap:deletable="false" sap:pageable="false" sap:content-version="1"/>
                    <AssociationSet Name="PaletteToSerialCodeSet" Association="ZWM_PROCESS_SRV.PaletteToSerialCode" sap:creatable="false" sap:updatable="false" sap:deletable="false" sap:content-version="1">
                        <End EntitySet="PaletteSet" Role="FromRole_PaletteToSerialCode"/>
                        <End EntitySet="SerialCodesSet" Role="ToRole_PaletteToSerialCode"/>
                    </AssociationSet>
                    <AssociationSet Name="ObdToSerialCodeSet" Association="ZWM_PROCESS_SRV.ObdToSerialCode" sap:creatable="false" sap:updatable="false" sap:deletable="false" sap:content-version="1">
                        <End EntitySet="UpdateOBDSet" Role="FromRole_ObdToSerialCode"/>
                        <End EntitySet="SerialCodesSet" Role="ToRole_ObdToSerialCode"/>
                    </AssociationSet>
                </EntityContainer>
                <atom:link
                    xmlns:atom="http://www.w3.org/2005/Atom" rel="self" href="./sap/ZWM_PROCESS_SRV/$metadata"/>
                    <atom:link
                        xmlns:atom="http://www.w3.org/2005/Atom" rel="latest-version" href="./sap/ZWM_PROCESS_SRV/$metadata"/>
                    </Schema>
                </edmx:DataServices>
            </edmx:Edmx>