{
  "run": [
    {
      "filePath": "/webapp/Component.js",
      "previewMode": 1,
      "dataMode": 1,
      "workspace": "withoutWorkspace",
      "ui5ActiveVersion": null,
      "ui5VerSource": null,
      "isDefaultVersion": 0,
      "urlParameters": [],
      "hashParameter": "",
      "backendSystem": [],
      "_metadata": {
        "id": 4586769,
        "runnerId": "fiorirunner",
        "displayName": "Run Component.js",
        "lastRunTimeStamp": 1743838917453
      }
    },
    {
      "filePath": "/webapp/test/flpSandbox.html",
      "previewMode": 1,
      "dataMode": 1,
      "workspace": "withoutWorkspace",
      "ui5ActiveVersion": null,
      "ui5VerSource": null,
      "isDefaultVersion": 0,
      "urlParameters": [],
      "hashParameter": "",
      "backendSystem": [],
      "urlParametersNotNeeded": false,
      "_metadata": {
        "id": 7953346,
        "runnerId": "webapprunner",
        "displayName": "Configuration",
        "lastRunTimeStamp": 1720603886000
      }
    },
    {
      "filePath": "/webapp/test/flpSandbox.html",
      "previewMode": 1,
      "dataMode": 1,
      "ui5ActiveVersion": null,
      "ui5VerSource": null,
      "isDefaultVersion": 0,
      "workspace": "withoutWorkspace",
      "urlParameters": [],
      "backendSystem": [],
      "_metadata": {
        "id": 868436,
        "runnerId": "qunitrunner",
        "displayName": "Run flpSandbox.html",
        "lastRunTimeStamp": 1720603899734
      }
    },
    {
      "filePath": "/webapp/Component.js",
      "previewMode": 1,
      "dataMode": 1,
      "workspace": "withoutWorkspace",
      "ui5ActiveVersion": null,
      "ui5VerSource": null,
      "isDefaultVersion": 0,
      "urlParameters": [],
      "hashParameter": "",
      "backendSystem": [],
      "_metadata": {
        "id": 9376265,
        "runnerId": "fiorirunner",
        "displayName": "Run Component.js 1",
        "lastRunTimeStamp": 1720603544328
      }
    }
  ],
  "annotationeditor": {
    "sConfigId": "4586769"
  }
}