<edmx:Edmx
    xmlns:edmx="http://schemas.microsoft.com/ado/2007/06/edmx"
    xmlns:m="http://schemas.microsoft.com/ado/2007/08/dataservices/metadata"
    xmlns:sap="http://www.sap.com/Protocols/SAPData" Version="1.0">
    <edmx:DataServices m:DataServiceVersion="2.0">
        <Schema
            xmlns="http://schemas.microsoft.com/ado/2008/09/edm" Namespace="ZSD_RFID_SRV" xml:lang="en" sap:schema-version="1">
            <EntityType Name="RF_Id" sap:content-version="1">
                <Key>
                    <PropertyRef Name="PALD"/>
                    <PropertyRef Name="RFID_NO"/>
                </Key>
                <Property Name="PALD" Type="Edm.String" Nullable="false" MaxLength="10" sap:unicode="false" sap:label="Pallet Id"/>
                <Property Name="RFID_NO" Type="Edm.String" Nullable="false" MaxLength="24" sap:unicode="false" sap:label="RF Id"/>
            </EntityType>
            <EntityType Name="rf_ids" sap:content-version="1">
                <Key>
                    <PropertyRef Name="rfid"/>
                </Key>
                <Property Name="rfid" Type="Edm.String" Nullable="false" sap:unicode="false"/>
            </EntityType>
            <EntityContainer Name="ZSD_RFID_SRV_Entities" m:IsDefaultEntityContainer="true" sap:supported-formats="atom json xlsx">
                <EntitySet Name="RF_IdSet" EntityType="ZSD_RFID_SRV.RF_Id" sap:creatable="false" sap:updatable="false" sap:deletable="false" sap:pageable="false" sap:addressable="false" sap:content-version="1"/>
                <EntitySet Name="rf_idsSet" EntityType="ZSD_RFID_SRV.rf_ids" sap:creatable="false" sap:updatable="false" sap:deletable="false" sap:pageable="false" sap:addressable="false" sap:content-version="1"/>
            </EntityContainer>
            <Annotation
                xmlns="http://docs.oasis-open.org/odata/ns/edm" Term="Core.SchemaVersion" String="1.0.0"/>
                <atom:link
                    xmlns:atom="http://www.w3.org/2005/Atom" rel="self" href="./sap/ZSD_RFID_SRV/$metadata"/>
                    <atom:link
                        xmlns:atom="http://www.w3.org/2005/Atom" rel="latest-version" href="./sap/ZSD_RFID_SRV/$metadata"/>
                    </Schema>
                </edmx:DataServices>
            </edmx:Edmx>