<core:FragmentDefinition xmlns="sap.m" xmlns:core="sap.ui.core" xmlns:dnd="sap.ui.core.dnd">
    <Dialog id="fieldSelectionDialog" title="Field Selection" draggable="true" resizable="true">
        <VBox>
            <List id="fieldList" mode="MultiSelect" includeItemInSelection="true">
                <dragDropConfig>
                    <dnd:DragInfo sourceAggregation="items" />
                    <dnd:DropInfo targetAggregation="items" drop="onDropField" />
                </dragDropConfig>
                <items>
                    <StandardListItem title="OBD Number" type="Active" />
                    <StandardListItem title="Material Name" type="Active" />
                    <StandardListItem title="Quantity UOM" type="Active" />
                    <StandardListItem title="Actual GI Date" type="Active" />
                </items>
            </List>
        </VBox>
        <endButton>
            <Button text="Apply" press="onApplyFieldSelection" />
        </endButton>
    </Dialog>
</core:FragmentDefinition>
