<edmx:Edmx
    xmlns:edmx="http://schemas.microsoft.com/ado/2007/06/edmx"
    xmlns:m="http://schemas.microsoft.com/ado/2007/08/dataservices/metadata"
    xmlns:sap="http://www.sap.com/Protocols/SAPData" Version="1.0">
    <edmx:DataServices m:DataServiceVersion="2.0">
        <Schema
            xmlns="http://schemas.microsoft.com/ado/2008/09/edm" Namespace="ZWM_PROCESS_SRV" xml:lang="en" sap:schema-version="1">
            <Annotation
                xmlns="http://docs.oasis-open.org/odata/ns/edm" Term="Core.SchemaVersion" String="1.0.0"/>
                <EntityType Name="Header" sap:content-version="1">
                    <Key>
                        <PropertyRef Name="BarCode"/>
                    </Key>
                    <Property Name="BarCode" Type="Edm.String" Nullable="false" MaxLength="15" sap:unicode="false" sap:label="Bar Code" sap:creatable="false" sap:updatable="false" sap:sortable="false" sap:filterable="false"/>
                    <Property Name="ContainerBarCode" Type="Edm.String" Nullable="false" MaxLength="100" sap:unicode="false" sap:label="Contain. Bar Code De" sap:creatable="false" sap:updatable="false" sap:sortable="false" sap:filterable="false"/>
                    <Property Name="MaterialDescription" Type="Edm.String" Nullable="false" MaxLength="40" sap:unicode="false" sap:label="Description" sap:creatable="false" sap:updatable="false" sap:sortable="false" sap:filterable="false"/>
                    <Property Name="FromLoaction" Type="Edm.String" Nullable="false" MaxLength="5" sap:unicode="false" sap:label="From Location" sap:creatable="false" sap:updatable="false" sap:sortable="false" sap:filterable="false"/>
                    <Property Name="Material" Type="Edm.String" Nullable="false" MaxLength="40" sap:unicode="false" sap:label="Material" sap:creatable="false" sap:updatable="false" sap:sortable="false" sap:filterable="false"/>
                    <Property Name="GrossWeight" Type="Edm.Decimal" Precision="13" Scale="3" sap:unicode="false" sap:label="Gross Weight" sap:creatable="false" sap:updatable="false" sap:sortable="false" sap:filterable="false"/>
                    <Property Name="NetWeight" Type="Edm.Decimal" Precision="13" Scale="3" sap:unicode="false" sap:label="Net Weight" sap:creatable="false" sap:updatable="false" sap:sortable="false" sap:filterable="false"/>
                    <Property Name="ContainerWeight" Type="Edm.Decimal" Precision="13" Scale="3" sap:unicode="false" sap:label="Container Weight" sap:creatable="false" sap:updatable="false" sap:sortable="false" sap:filterable="false"/>
                    <Property Name="CurrentStatus" Type="Edm.String" Nullable="false" MaxLength="2" sap:unicode="false" sap:label="Current Status" sap:creatable="false" sap:updatable="false" sap:sortable="false" sap:filterable="false"/>
                    <Property Name="CurrentLocation" Type="Edm.String" Nullable="false" MaxLength="5" sap:unicode="false" sap:label="Current Location" sap:creatable="false" sap:updatable="false" sap:sortable="false" sap:filterable="false"/>
                </EntityType>
                <EntityType Name="Mat0m" sap:content-version="1">
                    <Key>
                        <PropertyRef Name="Spras"/>
                        <PropertyRef Name="Matnr"/>
                    </Key>
                    <Property Name="Maktg" Type="Edm.String" Nullable="false" MaxLength="40" sap:unicode="false" sap:label="Description" sap:creatable="false" sap:updatable="false" sap:sortable="false" sap:filterable="false"/>
                    <Property Name="Spras" Type="Edm.String" Nullable="false" MaxLength="2" sap:unicode="false" sap:label="Language" sap:creatable="false" sap:updatable="false" sap:sortable="false" sap:filterable="false"/>
                    <Property Name="Matnr" Type="Edm.String" Nullable="false" MaxLength="40" sap:unicode="false" sap:label="Material" sap:creatable="false" sap:updatable="false" sap:sortable="false" sap:filterable="false"/>
                </EntityType>
                <EntityType Name="History" sap:content-version="1">
                    <Key>
                        <PropertyRef Name="BarCode"/>
                        <PropertyRef Name="Date"/>
                        <PropertyRef Name="Uname"/>
                        <PropertyRef Name="Time"/>
                    </Key>
                    <Property Name="BarCode" Type="Edm.String" Nullable="false" MaxLength="15" sap:unicode="false" sap:label="Bar Code" sap:creatable="false" sap:updatable="false" sap:sortable="false" sap:filterable="false"/>
                    <Property Name="Date" Type="Edm.DateTime" Nullable="false" Precision="7" sap:unicode="false" sap:label="Date" sap:creatable="false" sap:updatable="false" sap:sortable="false" sap:filterable="false"/>
                    <Property Name="Uname" Type="Edm.String" Nullable="false" MaxLength="12" sap:unicode="false" sap:label="User Name" sap:creatable="false" sap:updatable="false" sap:sortable="false"/>
                    <Property Name="Time" Type="Edm.Time" Nullable="false" Precision="0" sap:unicode="false" sap:label="Time" sap:creatable="false" sap:updatable="false" sap:sortable="false" sap:filterable="false"/>
                    <Property Name="Material" Type="Edm.String" Nullable="false" MaxLength="40" sap:unicode="false" sap:label="Material" sap:creatable="false" sap:updatable="false" sap:sortable="false" sap:filterable="false"/>
                    <Property Name="Action" Type="Edm.String" Nullable="false" MaxLength="20" sap:unicode="false" sap:label="Action" sap:creatable="false" sap:updatable="false" sap:sortable="false" sap:filterable="false"/>
                    <Property Name="Location" Type="Edm.String" Nullable="false" MaxLength="20" sap:unicode="false" sap:label="Loaction" sap:creatable="false" sap:updatable="false" sap:sortable="false" sap:filterable="false"/>
                    <Property Name="GrossWeight" Type="Edm.Decimal" Nullable="false" Precision="13" Scale="3" sap:unicode="false" sap:label="Gross Weight" sap:creatable="false" sap:updatable="false" sap:sortable="false" sap:filterable="false"/>
                    <Property Name="NetWeight" Type="Edm.Decimal" Nullable="false" Precision="13" Scale="3" sap:unicode="false" sap:label="Net Weight" sap:creatable="false" sap:updatable="false" sap:sortable="false" sap:filterable="false"/>
                    <Property Name="ContainerWeight" Type="Edm.Decimal" Nullable="false" Precision="13" Scale="3" sap:unicode="false" sap:label="Container Weight" sap:creatable="false" sap:updatable="false" sap:sortable="false" sap:filterable="false"/>
                </EntityType>
                <EntityContainer Name="ZWM_PROCESS_SRV_Entities" m:IsDefaultEntityContainer="true" sap:supported-formats="atom json xlsx">
                    <EntitySet Name="HeaderSet" EntityType="ZWM_PROCESS_SRV.Header" sap:creatable="false" sap:updatable="false" sap:deletable="false" sap:pageable="false" sap:content-version="1"/>
                    <EntitySet Name="Mat0mSet" EntityType="ZWM_PROCESS_SRV.Mat0m" sap:creatable="false" sap:updatable="false" sap:deletable="false" sap:pageable="false" sap:content-version="1"/>
                    <EntitySet Name="HistorySet" EntityType="ZWM_PROCESS_SRV.History" sap:creatable="false" sap:updatable="false" sap:deletable="false" sap:pageable="false" sap:content-version="1"/>
                </EntityContainer>
                <atom:link
                    xmlns:atom="http://www.w3.org/2005/Atom" rel="self" href="./sap/ZWM_PROCESS_SRV/$metadata"/>
                    <atom:link
                        xmlns:atom="http://www.w3.org/2005/Atom" rel="latest-version" href="./sap/ZWM_PROCESS_SRV/$metadata"/>
                    </Schema>
                </edmx:DataServices>
            </edmx:Edmx>