{
  "mockpreview": {
    "mockUri": "/sap/opu/odata/sap/ZINV_WF_APPR_SRV/",
    "metadataFilePath": "localService/metadata.xml",
    "loadJSONFiles": false,
    "loadCustomRequests": false,
    "mockRequestsFilePath": ""
  },
  "projectType": [
    "com.watt.common.builder.sapui5clientbuild",
    "sap.watt.uitools.ide.fiori"
  ],
  "build": {
    "buildRequired": true,
    "targetFolder": "dist",
    "lastBuildDateTime": "Thu, 01 Aug 2024 08:20:10 GMT"
  },
  "translation": {
    "translationDomain": "",
    "supportedLanguages": "",
    "defaultLanguage": "",
    "defaultI18NPropertyFile": "",
    "resourceModelName": ""
  },
  "deploy": {
    "destination": "sakshi",
    "name": "ZSakshi_New_PO"
  }
}