<edmx:Edmx
    xmlns:edmx="http://schemas.microsoft.com/ado/2007/06/edmx"
    xmlns:m="http://schemas.microsoft.com/ado/2007/08/dataservices/metadata"
    xmlns:sap="http://www.sap.com/Protocols/SAPData" Version="1.0">
    <edmx:DataServices m:DataServiceVersion="2.0">
        <Schema
            xmlns="http://schemas.microsoft.com/ado/2008/09/edm" Namespace="ZWM_PROCESS_SRV" xml:lang="en" sap:schema-version="1">
            <Annotation
                xmlns="http://docs.oasis-open.org/odata/ns/edm" Term="Core.SchemaVersion" String="1.0.0"/>
                <EntityType Name="MASTER_DETAIL" sap:content-version="1">
                    <Key>
                        <PropertyRef Name="Serial_Number"/>
                    </Key>
                    <Property Name="Serial_Number" Type="Edm.String" Nullable="false" MaxLength="10" sap:unicode="false" sap:label="Serial Number" sap:creatable="false" sap:updatable="false" sap:sortable="false" sap:filterable="false"/>
                    <Property Name="Machine_Number" Type="Edm.String" Nullable="false" MaxLength="7" sap:unicode="false" sap:label="Machine Number" sap:creatable="false" sap:updatable="false" sap:sortable="false" sap:filterable="false"/>
                    <Property Name="Material_Number" Type="Edm.String" Nullable="false" MaxLength="40" sap:unicode="false" sap:label="Material Number" sap:creatable="false" sap:updatable="false" sap:sortable="false" sap:filterable="false"/>
                    <Property Name="Client_Code" Type="Edm.String" Nullable="false" MaxLength="10" sap:unicode="false" sap:label="Client Code" sap:creatable="false" sap:updatable="false" sap:sortable="false" sap:filterable="false"/>
                    <Property Name="Ship_To_Party" Type="Edm.String" Nullable="false" MaxLength="10" sap:unicode="false" sap:label="Ship to Party" sap:creatable="false" sap:updatable="false" sap:sortable="false" sap:filterable="false"/>
                    <Property Name="Quantity_In_Box" Type="Edm.Int32" Nullable="false" sap:unicode="false" sap:label="Quantity in Box" sap:creatable="false" sap:updatable="false" sap:sortable="false" sap:filterable="false"/>
                    <Property Name="Manufacturing_Date" Type="Edm.DateTime" Nullable="false" Precision="7" sap:unicode="false" sap:label="Manufacturing Date" sap:creatable="false" sap:updatable="false" sap:sortable="false" sap:filterable="false"/>
                    <Property Name="Shift_Code" Type="Edm.String" Nullable="false" MaxLength="1" sap:unicode="false" sap:label="Shift Code" sap:creatable="false" sap:updatable="false" sap:sortable="false" sap:filterable="false"/>
                </EntityType>
                <EntityContainer Name="ZWM_PROCESS_SRV_Entities" m:IsDefaultEntityContainer="true" sap:supported-formats="atom json xlsx">
                    <EntitySet Name="MASTER_DETAILSet" EntityType="ZWM_PROCESS_SRV.MASTER_DETAIL" sap:creatable="false" sap:updatable="false" sap:deletable="false" sap:pageable="false" sap:content-version="1"/>
                </EntityContainer>
                <atom:link
                    xmlns:atom="http://www.w3.org/2005/Atom" rel="self" href="./sap/ZWM_PROCESS_SRV/$metadata"/>
                    <atom:link
                        xmlns:atom="http://www.w3.org/2005/Atom" rel="latest-version" href="./sap/ZWM_PROCESS_SRV/$metadata"/>
                    </Schema>
                </edmx:DataServices>
            </edmx:Edmx>