<core:FragmentDefinition xmlns="sap.m" xmlns:core="sap.ui.core">
	<Dialog id="orderDialog" title="Order Details Confirmation" >
		<content>
			<VBox>
				<Text text="Unassorted Quantity: {>/unAssortedQty}"/>
				<Text text="Assorted Quantity: {>/assortedQty}"/>
				<Text text="Overall Quantity: {>/overallQty}"/>
			</VBox>
		</content>
		<buttons>
			<Button text="Confirm" press="onConfirmOrderPress"/>
			<Button text="Cancel" press="onCancelOrderPress"/>
		</buttons>
	</Dialog>
</core:FragmentDefinition>