<core:FragmentDefinition xmlns:core="sap.ui.core" xmlns="sap.m" xmlns:l="sap.ui.layout">
	<Dialog title="Select Date Range" id="dateRangeDialog" stretchOnPhone="true">
		<content>
			<VBox>
				<!-- Grid Layout for DatePickers and Go Button -->
				<l:Grid class="sapUiSmallMarginTop" width="100%">
					<l:content>
						<!-- From Date Picker -->
						<VBox>
							<Label text="From Date">
								<layoutData>
									<l:GridData span="L3"></l:GridData>
								</layoutData>
							</Label>
							<DatePicker id="fromDate" value="{path: 'inputDataModel>/fromDate', type: 'sap.ui.model.type.Date', formatOptions: {pattern: 'yyyy-MM-dd'}}"
								displayFormat="dd/MM/yyyy" valueFormat="yyyy-MM-dd" width="100%" change="onDateChange">
								<layoutData>
									<l:GridData span="L3"></l:GridData>
								</layoutData>
							</DatePicker>
						</VBox>
						<!-- To Date Picker -->
						<VBox>
							<Label text="To Date">
								<layoutData>
									<l:GridData span="L3"></l:GridData>
								</layoutData>
							</Label>
							<DatePicker id="toDate" value="{path: 'inputDataModel>/toDate', type: 'sap.ui.model.type.Date', formatOptions: {pattern: 'yyyy-MM-dd'}}"
								displayFormat="dd/MM/yyyy" valueFormat="yyyy-MM-dd" width="100%" change="onDateChange">
								<layoutData>
									<l:GridData span="L3"></l:GridData>
								</layoutData>
							</DatePicker>
						</VBox>
						<!-- Go Button -->
						<VBox class="Button">
							<Button text="Go" press="onGoPress" width="20%" type="Emphasized">
								<layoutData>
									<l:GridData span="L2"></l:GridData>
								</layoutData>
							</Button>
						</VBox>
					</l:content>
				</l:Grid>
				<!-- Table for Production Orders -->
				<Table id="productionOrderTable" items="{inputDataModel>/productionOrders}" inset="false" class="sapUiSmallMarginTop">
					<columns>
						<!-- Production Order Number Column -->
						<Column>
							<Label text="Production Order"/>
						</Column>
						<!-- Total Quantity Column -->
						<Column>
							<Label text="Total Qty"/>
						</Column>
						<Column>
							<Label text="UOM"/>
						</Column>
					</columns>
					<items>
						<ColumnListItem type="Active" press="onProductionOrderSelect">
							<cells>
								<!-- Production Order Number Cell -->
								<Text text="{inputDataModel>ProductionOrder}"/>
								<!-- Total Quantity Cell -->
								<Text text="{inputDataModel>Total_Quantity}"/>
								<Text text="{inputDataModel>UOM}"/>
							</cells>
						</ColumnListItem>
					</items>
				</Table>
			</VBox>
		</content>
		<buttons>
			<Button text="Close" press="onCancelPress" class="sapUiResponsiveMargin"/>
		</buttons>
	</Dialog>
</core:FragmentDefinition>