<core:FragmentDefinition xmlns:core="sap.ui.core" xmlns="sap.m" xmlns:l="sap.ui.layout">
	<Dialog title="Shift Code" stretchOnPhone="true">
		<content>
			<VBox>
				<List id="shiftCodeList" class="sapUiSmallMarginTop" items="{shiftCodeModel>/shiftCodeData}">
					<StandardListItem type="Active" title="{shiftCodeModel>ShiftCode}" description="{shiftCodeModel>ShiftDescription}" press="onShiftCodeSelect"/>
				</List>
			</VBox>
		</content>
		<buttons>
			<Button text="Close" press="onCancelPress" class="sapUiResponsiveMargin"/>
		</buttons>
	</Dialog>
</core:FragmentDefinition>