<core:FragmentDefinition xmlns:core="sap.ui.core" xmlns="sap.m" xmlns:l="sap.ui.layout">
	<Dialog title="Storage Location" stretchOnPhone="true">
		<content>
			<VBox>
				<List id="storageLocationList" class="sapUiSmallMarginTop" items="{ path: 'storageLocModel>/storageLocData' }">
					<StandardListItem type="Active" title="{storageLocModel>StorageLocation}"
						description="Qty: {storageLocModel>Quantity}, UOM: {storageLocModel>UOM}" press="onStorageLocationSelect"/>
				</List>
			</VBox>
		</content>
		<buttons>
			<Button text="Close" press="onCancelPress" class="sapUiResponsiveMargin"/>
		</buttons>
	</Dialog>
</core:FragmentDefinition>