<edmx:Edmx
    xmlns:edmx="http://schemas.microsoft.com/ado/2007/06/edmx"
    xmlns:m="http://schemas.microsoft.com/ado/2007/08/dataservices/metadata"
    xmlns:sap="http://www.sap.com/Protocols/SAPData" Version="1.0">
    <edmx:DataServices m:DataServiceVersion="2.0">
        <Schema
            xmlns="http://schemas.microsoft.com/ado/2008/09/edm" Namespace="ZSD_ADVANCE_BILLING_SRV" xml:lang="en" sap:schema-version="1">
            <EntityType Name="DeliveryHeader" sap:content-version="1">
                <Key>
                    <PropertyRef Name="Billing"/>
                </Key>
                <Property Name="ReturnMessage" Type="ZSD_ADVANCE_BILLING_SRV.ReturnMessage" Nullable="false"/>
                <Property Name="Billing" Type="Edm.String" Nullable="false" MaxLength="10" sap:label="Billing Document No." sap:creatable="false" sap:updatable="false" sap:sortable="false" sap:filterable="false"/>
                <Property Name="bldat" Type="Edm.String" Nullable="false" MaxLength="10" sap:label="Document Date" sap:creatable="false" sap:updatable="false" sap:sortable="false" sap:filterable="false"/>
                <NavigationProperty Name="Nav_HeaderToItem" Relationship="ZSD_ADVANCE_BILLING_SRV.HeaderToItem" FromRole="FromRole_HeaderToItem" ToRole="ToRole_HeaderToItem"/>
            </EntityType>
            <EntityType Name="DeliveryItem" sap:content-version="1">
                <Key>
                    <PropertyRef Name="Billing"/>
                    <PropertyRef Name="Vbeln"/>
                    <PropertyRef Name="Posnr"/>
                </Key>
                <Property Name="Billing" Type="Edm.String" Nullable="false" MaxLength="10" sap:label="Billing Document No." sap:creatable="false" sap:updatable="false" sap:sortable="false" sap:filterable="false"/>
                <Property Name="Vbeln" Type="Edm.String" Nullable="false" MaxLength="10" sap:label="Delivery" sap:creatable="false" sap:updatable="false" sap:sortable="false" sap:filterable="false"/>
                <Property Name="Posnr" Type="Edm.String" Nullable="false" MaxLength="6" sap:label="Item" sap:creatable="false" sap:updatable="false" sap:sortable="false" sap:filterable="false"/>
                <Property Name="Kunnr" Type="Edm.String" Nullable="false" MaxLength="10" sap:label="Ship-to party" sap:creatable="false" sap:updatable="false" sap:sortable="false" sap:filterable="false"/>
                <Property Name="Anzpk" Type="Edm.String" Nullable="false" MaxLength="5" sap:label="No.of packages" sap:creatable="false" sap:updatable="false" sap:sortable="false" sap:filterable="false"/>
                <Property Name="ActWt" Type="Edm.Decimal" Nullable="false" Precision="15" Scale="2" sap:label="Actual Weight" sap:creatable="false" sap:updatable="false" sap:sortable="false" sap:filterable="false"/>
                <Property Name="Bolnr" Type="Edm.String" Nullable="false" MaxLength="35" sap:label="Bill of lading" sap:creatable="false" sap:updatable="false" sap:sortable="false" sap:filterable="false"/>
                <Property Name="Xabln" Type="Edm.String" Nullable="false" MaxLength="10" sap:label="GR/GI Slip No." sap:creatable="false" sap:updatable="false" sap:sortable="false" sap:filterable="false"/>
                <Property Name="LrDate" Type="Edm.String" Nullable="false" MaxLength="10" sap:label="LR Date" sap:creatable="false" sap:updatable="false" sap:sortable="false" sap:filterable="false"/>
                <Property Name="Parvw" Type="Edm.String" Nullable="false" MaxLength="4" sap:label="Partner funct." sap:creatable="false" sap:updatable="false" sap:sortable="false" sap:filterable="false"/>
                <Property Name="WadatIst" Type="Edm.String" Nullable="false" MaxLength="10" sap:label="Actual GI date" sap:creatable="false" sap:updatable="false" sap:sortable="false" sap:filterable="false"/>
                <Property Name="Wadat" Type="Edm.String" Nullable="false" MaxLength="10" sap:label="Planned gds mvmt" sap:creatable="false" sap:updatable="false" sap:sortable="false" sap:filterable="false"/>
                <Property Name="Matnr" Type="Edm.String" Nullable="false" MaxLength="18" sap:label="Material" sap:creatable="false" sap:updatable="false" sap:sortable="false" sap:filterable="false"/>
                <Property Name="Arktx" Type="Edm.String" Nullable="false" MaxLength="40" sap:label="Description" sap:creatable="false" sap:updatable="false" sap:sortable="false" sap:filterable="false"/>
                <Property Name="Lfimg" Type="Edm.Decimal" Nullable="false" Precision="13" Scale="3" sap:label="Delivery qty" sap:creatable="false" sap:updatable="false" sap:sortable="false" sap:filterable="false"/>
                <Property Name="Pikmg" Type="Edm.Decimal" Nullable="false" Precision="13" Scale="3" sap:label="Pick Quantity" sap:creatable="false" sap:updatable="false" sap:sortable="false" sap:filterable="false"/>
                <Property Name="Charg" Type="Edm.String" Nullable="false" MaxLength="10" sap:label="Batch" sap:creatable="false" sap:updatable="false" sap:sortable="false" sap:filterable="false"/>
                <Property Name="ScanQty" Type="Edm.Decimal" Nullable="false" Precision="15" Scale="3" sap:label="Scanned Quantity" sap:creatable="false" sap:updatable="false" sap:sortable="false" sap:filterable="false"/>
                <NavigationProperty Name="Nav_ItemtoQR" Relationship="ZSD_ADVANCE_BILLING_SRV.ItemtoQR" FromRole="FromRole_ItemtoQR" ToRole="ToRole_ItemtoQR"/>
            </EntityType>
            <EntityType Name="QrSerial" sap:content-version="1">
                <Key>
                    <PropertyRef Name="Qrserial"/>
                </Key>
                <Property Name="Qrserial" Type="Edm.String" Nullable="false" MaxLength="14" sap:label="QR Code Serial No." sap:creatable="false" sap:updatable="false" sap:sortable="false" sap:filterable="false"/>
            </EntityType>
            <EntityType Name="GetScannedQty" sap:content-version="1">
                <Key>
                    <PropertyRef Name="Qrserial"/>
                </Key>
                <Property Name="Qrserial" Type="Edm.String" Nullable="false" MaxLength="14" sap:label="QR Code Serial No." sap:creatable="false" sap:updatable="false" sap:sortable="false" sap:filterable="false"/>
                <Property Name="Material" Type="Edm.String" Nullable="false" MaxLength="40" sap:label="Material" sap:creatable="false" sap:updatable="false" sap:sortable="false" sap:filterable="false"/>
                <Property Name="Delivery" Type="Edm.String" Nullable="false" MaxLength="10" sap:label="Delivery" sap:creatable="false" sap:updatable="false" sap:sortable="false" sap:filterable="false"/>
                <Property Name="Qty" Type="Edm.Decimal" Nullable="false" Precision="13" Scale="3" sap:label="Quantity" sap:creatable="false" sap:updatable="false" sap:sortable="false" sap:filterable="false"/>
            </EntityType>
            <EntityType Name="CheckScannedQr" sap:content-version="1">
                <Key>
                    <PropertyRef Name="Qrserial"/>
                </Key>
                <Property Name="Qrserial" Type="Edm.String" Nullable="false" MaxLength="14" sap:label="QR Serial" sap:creatable="false" sap:updatable="false" sap:sortable="false" sap:filterable="false"/>
                <Property Name="Material" Type="Edm.String" Nullable="false" MaxLength="40" sap:label="Material" sap:creatable="false" sap:updatable="false" sap:sortable="false" sap:filterable="false"/>
                <Property Name="Delivery" Type="Edm.String" Nullable="false" MaxLength="10" sap:label="Delivery" sap:creatable="false" sap:updatable="false" sap:sortable="false" sap:filterable="false"/>
                <Property Name="IsConsumed" Type="Edm.String" Nullable="false" MaxLength="5" sap:label="Is Consumed" sap:creatable="false" sap:updatable="false" sap:sortable="false" sap:filterable="false"/>
                <Property Name="IsExist" Type="Edm.String" Nullable="false" MaxLength="5" sap:label="Is Exist?" sap:creatable="false" sap:updatable="false" sap:sortable="false" sap:filterable="false"/>
            </EntityType>
            <ComplexType Name="ReturnMessage">
                <Property Name="Type" Type="Edm.String" Nullable="false" MaxLength="1" sap:label="Type" sap:creatable="false" sap:updatable="false" sap:sortable="false" sap:filterable="false"/>
                <Property Name="Id" Type="Edm.String" Nullable="false" MaxLength="20" sap:label="ID" sap:creatable="false" sap:updatable="false" sap:sortable="false" sap:filterable="false"/>
                <Property Name="Number" Type="Edm.String" Nullable="false" MaxLength="3" sap:label="Message Number" sap:creatable="false" sap:updatable="false" sap:sortable="false" sap:filterable="false"/>
                <Property Name="Message" Type="Edm.String" Nullable="false" MaxLength="220" sap:label="Message" sap:creatable="false" sap:updatable="false" sap:sortable="false" sap:filterable="false"/>
            </ComplexType>
            <Association Name="HeaderToItem" sap:content-version="1">
                <End Type="ZSD_ADVANCE_BILLING_SRV.DeliveryHeader" Multiplicity="1" Role="FromRole_HeaderToItem"/>
                <End Type="ZSD_ADVANCE_BILLING_SRV.DeliveryItem" Multiplicity="*" Role="ToRole_HeaderToItem"/>
                <ReferentialConstraint>
                    <Principal Role="FromRole_HeaderToItem">
                        <PropertyRef Name="Billing"/>
                    </Principal>
                    <Dependent Role="ToRole_HeaderToItem">
                        <PropertyRef Name="Billing"/>
                    </Dependent>
                </ReferentialConstraint>
            </Association>
            <Association Name="ItemtoQR" sap:content-version="1">
                <End Type="ZSD_ADVANCE_BILLING_SRV.DeliveryItem" Multiplicity="*" Role="FromRole_ItemtoQR"/>
                <End Type="ZSD_ADVANCE_BILLING_SRV.QrSerial" Multiplicity="*" Role="ToRole_ItemtoQR"/>
                <ReferentialConstraint>
                    <Principal Role="FromRole_ItemtoQR">
                        <PropertyRef Name="Posnr"/>
                        <PropertyRef Name="Vbeln"/>
                        <PropertyRef Name="Billing"/>
                    </Principal>
                    <Dependent Role="ToRole_ItemtoQR">
                        <PropertyRef Name="Qrserial"/>
                        <PropertyRef Name="Qrserial"/>
                        <PropertyRef Name="Qrserial"/>
                    </Dependent>
                </ReferentialConstraint>
            </Association>
            <EntityContainer Name="ZSD_ADVANCE_BILLING_SRV_Entities" m:IsDefaultEntityContainer="true" sap:supported-formats="atom json xlsx">
                <EntitySet Name="DeliveryHeaderSet" EntityType="ZSD_ADVANCE_BILLING_SRV.DeliveryHeader" sap:creatable="false" sap:updatable="false" sap:deletable="false" sap:pageable="false" sap:content-version="1"/>
                <EntitySet Name="DeliveryItemSet" EntityType="ZSD_ADVANCE_BILLING_SRV.DeliveryItem" sap:creatable="false" sap:updatable="false" sap:deletable="false" sap:pageable="false" sap:content-version="1"/>
                <EntitySet Name="QrSerialSet" EntityType="ZSD_ADVANCE_BILLING_SRV.QrSerial" sap:creatable="false" sap:updatable="false" sap:deletable="false" sap:pageable="false" sap:addressable="false" sap:content-version="1"/>
                <EntitySet Name="GetScannedQtySet" EntityType="ZSD_ADVANCE_BILLING_SRV.GetScannedQty" sap:creatable="false" sap:updatable="false" sap:deletable="false" sap:pageable="false" sap:addressable="false" sap:content-version="1"/>
                <EntitySet Name="CheckScannedQrSet" EntityType="ZSD_ADVANCE_BILLING_SRV.CheckScannedQr" sap:creatable="false" sap:updatable="false" sap:deletable="false" sap:pageable="false" sap:addressable="false" sap:content-version="1"/>
                <AssociationSet Name="ItemtoQRSet" Association="ZSD_ADVANCE_BILLING_SRV.ItemtoQR" sap:creatable="false" sap:updatable="false" sap:deletable="false" sap:content-version="1">
                    <End EntitySet="DeliveryItemSet" Role="FromRole_ItemtoQR"/>
                    <End EntitySet="QrSerialSet" Role="ToRole_ItemtoQR"/>
                </AssociationSet>
                <AssociationSet Name="HeaderToItemSet" Association="ZSD_ADVANCE_BILLING_SRV.HeaderToItem" sap:creatable="false" sap:updatable="false" sap:deletable="false" sap:content-version="1">
                    <End EntitySet="DeliveryHeaderSet" Role="FromRole_HeaderToItem"/>
                    <End EntitySet="DeliveryItemSet" Role="ToRole_HeaderToItem"/>
                </AssociationSet>
            </EntityContainer>
            <atom:link
                xmlns:atom="http://www.w3.org/2005/Atom" rel="self" href="http://order.somanyimpresa.com:44302/sap/opu/odata/sap/ZSD_ADVANCE_BILLING_SRV/$metadata"/>
                <atom:link
                    xmlns:atom="http://www.w3.org/2005/Atom" rel="latest-version" href="http://order.somanyimpresa.com:44302/sap/opu/odata/sap/ZSD_ADVANCE_BILLING_SRV/$metadata"/>
                </Schema>
            </edmx:DataServices>
        </edmx:Edmx>