<edmx:Edmx
    xmlns:edmx="http://schemas.microsoft.com/ado/2007/06/edmx"
    xmlns:m="http://schemas.microsoft.com/ado/2007/08/dataservices/metadata"
    xmlns:sap="http://www.sap.com/Protocols/SAPData" Version="1.0">
    <edmx:DataServices m:DataServiceVersion="2.0">
        <Schema
            xmlns="http://schemas.microsoft.com/ado/2008/09/edm" Namespace="ZINV_WF_APPR_SRV" xml:lang="en" sap:schema-version="1">
            <EntityType Name="InvoiceList" sap:content-version="1">
                <Key>
                    <PropertyRef Name="Belnr"/>
                    <PropertyRef Name="WfStartDt"/>
                    <PropertyRef Name="Gjahr"/>
                </Key>
                <Property Name="Belnr" Type="Edm.String" Nullable="false" MaxLength="10" sap:unicode="false" sap:label="Inv. Doc. No." sap:sortable="false"/>
                <Property Name="WfStartDt" Type="Edm.DateTime" Nullable="false" Precision="0" sap:unicode="false" sap:label="WF Start Date" sap:sortable="false"/>
                <Property Name="Gjahr" Type="Edm.String" Nullable="false" MaxLength="4" sap:unicode="false" sap:label="Fiscal Year" sap:sortable="false"/>
                <Property Name="Bldat" Type="Edm.DateTime" Precision="0" sap:unicode="false" sap:label="Document Date" sap:sortable="false" sap:filterable="false"/>
                <Property Name="Ebeln" Type="Edm.String" MaxLength="10" sap:unicode="false" sap:label="Purchasing Doc." sap:sortable="false" sap:filterable="false"/>
                <Property Name="Lifnr" Type="Edm.String" MaxLength="10" sap:unicode="false" sap:label="Supplier" sap:sortable="false"/>
                <Property Name="Name1" Type="Edm.String" MaxLength="30" sap:unicode="false" sap:label="Name 1" sap:sortable="false" sap:filterable="false"/>
                <Property Name="InvLastAmount" Type="Edm.Decimal" Precision="14" Scale="3" sap:unicode="false" sap:label="Amount" sap:sortable="false" sap:filterable="false"/>
                <Property Name="PoBal" Type="Edm.Decimal" Precision="14" Scale="3" sap:unicode="false" sap:label="Amount" sap:sortable="false" sap:filterable="false"/>
                <Property Name="AppStatus" Type="Edm.String" MaxLength="1" sap:unicode="false" sap:label="Invoice Approval Sta" sap:sortable="false" sap:filterable="false"/>
                <Property Name="RejRemarks" Type="Edm.String" MaxLength="100" sap:unicode="false" sap:label="Rejection Remarks" sap:sortable="false" sap:filterable="false"/>
                <Property Name="CreatedBy" Type="Edm.String" MaxLength="12" sap:unicode="false" sap:label="User Name" sap:sortable="false" sap:filterable="false"/>
                <Property Name="ChangedOn" Type="Edm.DateTime" Precision="0" sap:unicode="false" sap:label="Date" sap:sortable="false" sap:filterable="false"/>
                <Property Name="ChangedBy" Type="Edm.String" MaxLength="12" sap:unicode="false" sap:label="User Name" sap:sortable="false" sap:filterable="false"/>
                <Property Name="ChangedAt" Type="Edm.Time" Precision="0" sap:unicode="false" sap:label="Time" sap:sortable="false" sap:filterable="false"/>
                <Property Name="CreatedOn" Type="Edm.DateTime" Precision="0" sap:unicode="false" sap:label="Date" sap:sortable="false" sap:filterable="false"/>
                <Property Name="CreatedAt" Type="Edm.Time" Precision="0" sap:unicode="false" sap:label="Time" sap:sortable="false" sap:filterable="false"/>
            </EntityType>
            <EntityContainer Name="ZINV_WF_APPR_SRV_Entities" m:IsDefaultEntityContainer="true" sap:supported-formats="atom json xlsx">
                <EntitySet Name="InvoiceListSet" EntityType="ZINV_WF_APPR_SRV.InvoiceList" sap:pageable="false" sap:content-version="1"/>
            </EntityContainer>
            <atom:link
                xmlns:atom="http://www.w3.org/2005/Atom" rel="self" href="./sap/ZINV_WF_APPR_SRV/$metadata"/>
                <atom:link
                    xmlns:atom="http://www.w3.org/2005/Atom" rel="latest-version" href="./sap/ZINV_WF_APPR_SRV/$metadata"/>
                </Schema>
            </edmx:DataServices>
        </edmx:Edmx>