{
    "resources": [
        {
            "name": "resources.json",
            "merged": true
        },
        {
            "name": "manifest.json"
        },
        {
            "name": "model/models.js"
        },
        {
            "name": "model/formatter.js"
        },
        {
            "name": ".user.project.json"
        },
        {
            "name": "Component.js"
        },
        {
            "name": "i18n/i18n.properties",
            "raw": "i18n/i18n.properties"
        },
        {
            "name": "controller/View3.controller.js"
        },
        {
            "name": "controller/View1.controller.js"
        },
        {
            "name": "controller/App.controller.js"
        },
        {
            "name": "controller/View2.controller.js"
        },
        {
            "name": "css/style.css"
        },
        {
            "name": "Component-preload.js",
            "merged": true
        },
        {
            "name": "neo-app.json"
        },
        {
            "name": "index.html"
        },
        {
            "name": ".project.json"
        },
        {
            "name": "truck.jpg"
        },
        {
            "name": "view/App.view.xml"
        },
        {
            "name": "view/View3.view.xml"
        },
        {
            "name": "view/CapturePhoto.fragment.xml"
        },
        {
            "name": "view/View1.view.xml"
        },
        {
            "name": "view/Fragment/StatusHelpFragment.fragment.xml"
        },
        {
            "name": "view/Fragment/ImagePopover.fragment.xml"
        },
        {
            "name": "view/Fragment/OBDValueHelpFragment.fragment.xml"
        },
        {
            "name": "view/Fragment/Popover.fragment.xml"
        },
        {
            "name": "view/Fragment/CustomerNamesList.fragment.xml"
        },
        {
            "name": "view/Fragment/TruckValueHelpFragment.fragment.xml"
        },
        {
            "name": "view/Fragment/RejectionText.fragment.xml"
        },
        {
            "name": "view/Fragment/RejectReasons.fragment.xml"
        },
        {
            "name": "view/Fragment/DeliveryText.fragment.xml"
        },
        {
            "name": "view/Fragment/GateInManualEntry.fragment.xml"
        },
        {
            "name": "view/Fragment/CustomerNameHelpFragment.fragment.xml"
        },
        {
            "name": "view/Fragment/BatchcNoFragment.fragment.xml"
        },
        {
            "name": "view/Fragment/PGIErrors.fragment.xml"
        },
        {
            "name": "view/Fragment/NOBatch.fragment.xml"
        },
        {
            "name": "view/Fragment/NewOBDValues.fragment.xml"
        },
        {
            "name": "view/Fragment/PlantHelpFragment.fragment.xml"
        },
        {
            "name": "view/Fragment/UnlistedVehicle.fragment.xml"
        },
        {
            "name": "view/View2.view.xml"
        },
        {
            "name": "localService/metadata.xml"
        }
    ]
}